strain,stress_MPa,elastic_strain,plastic_strain
0.0,0.0,0.0,0.0
1e-05,0.7310000000000001,1e-05,0.0
2e-05,1.4620000000000002,2e-05,0.0
3.0000000000000004e-05,2.1930000000000005,3.0000000000000008e-05,-3.3881317890172014e-21
4e-05,2.9240000000000004,4e-05,0.0
5e-05,3.6550000000000002,5e-05,0.0
6.000000000000001e-05,4.386000000000001,6.0000000000000015e-05,-6.776263578034403e-21
7.000000000000001e-05,5.117000000000001,7.000000000000001e-05,0.0
8e-05,5.848000000000001,8e-05,0.0
9e-05,6.579000000000001,9e-05,0.0
0.0001,7.3100000000000005,0.0001,0.0
0.00011,8.041,0.00011,0.0
0.00012000000000000002,8.772000000000002,0.00012000000000000003,-1.3552527156068805e-20
0.00013000000000000002,9.503,0.00013,2.710505431213761e-20
0.00014000000000000001,10.234000000000002,0.00014000000000000001,0.0
0.00015000000000000001,10.965,0.00015,2.710505431213761e-20
0.00016,11.696000000000002,0.00016,0.0
0.00017,12.427,0.00016999999999999999,2.710505431213761e-20
0.00018,13.158000000000001,0.00018,0.0
0.00019,13.889,0.00018999999999999998,2.710505431213761e-20
0.0002,14.620000000000001,0.0002,0.0
0.00021,15.350999999999999,0.00020999999999999998,2.710505431213761e-20
0.00022,16.082,0.00022,0.0
0.00023,16.813000000000002,0.00023000000000000003,-2.710505431213761e-20
0.00024000000000000003,17.544000000000004,0.00024000000000000006,-2.710505431213761e-20
0.00025,18.275,0.00025,0.0
0.00026000000000000003,19.006,0.00026,5.421010862427522e-20
0.00027,19.736999999999995,0.00026999999999999995,5.421010862427522e-20
0.00028000000000000003,20.468000000000004,0.00028000000000000003,0.0
0.00029,21.198999999999998,0.00028999999999999995,5.421010862427522e-20
0.00030000000000000003,21.93,0.0003,5.421010862427522e-20
0.00031,22.661,0.00031,0.0
0.00032,23.392000000000003,0.00032,0.0
0.00033000000000000005,24.123000000000005,0.00033000000000000005,0.0
0.00034,24.854,0.00033999999999999997,5.421010862427522e-20
0.00035000000000000005,25.585,0.00035,5.421010862427522e-20
0.00036,26.316000000000003,0.00036,0.0
0.00037000000000000005,27.047000000000004,0.00037000000000000005,0.0
0.00038,27.778,0.00037999999999999997,5.421010862427522e-20
0.00039000000000000005,28.509,0.00039,5.421010862427522e-20
0.0004,29.239999999999995,0.0003999999999999999,1.0842021724855044e-19
0.00041000000000000005,29.970999999999997,0.00040999999999999994,1.0842021724855044e-19
0.00042,30.70199999999999,0.00041999999999999985,1.6263032587282567e-19
0.00043000000000000004,31.432999999999993,0.0004299999999999999,1.6263032587282567e-19
0.00044,32.16399999999999,0.0004399999999999998,2.168404344971009e-19
0.00045000000000000004,32.89499999999998,0.00044999999999999977,2.710505431213761e-19
0.00046,33.625999999999976,0.0004599999999999997,3.2526065174565133e-19
0.00047000000000000004,34.35699999999997,0.0004699999999999996,4.336808689942018e-19
0.00048000000000000007,35.087999999999965,0.0004799999999999995,5.421010862427522e-19
0.0004900000000000001,35.818999999999946,0.0004899999999999992,8.673617379884035e-19
0.0005,36.54999999999991,0.0004999999999999988,1.1926223897340549e-18
0.00051,37.28099999999989,0.0005099999999999985,1.5178830414797062e-18
0.0005200000000000001,38.01199999999987,0.0005199999999999982,1.8431436932253575e-18
0.0005300000000000001,38.742999999999824,0.0005299999999999976,2.4936649967166602e-18
0.00054,39.47399999999976,0.0005399999999999968,3.2526065174565133e-18
0.00055,40.2049999999997,0.0005499999999999959,4.119968255444917e-18
0.0005600000000000001,40.93599999999961,0.0005599999999999946,5.421010862427522e-18
0.0005700000000000001,41.66699999999949,0.000569999999999993,7.047314121155779e-18
0.00058,42.39799999999934,0.000579999999999991,8.998878031629687e-18
0.00059,43.12899999999917,0.0005899999999999886,1.1384122811097797e-17
0.0006000000000000001,43.85999999999895,0.0005999999999999856,1.441988889405721e-17
0.0006100000000000001,44.59099999999866,0.0006099999999999817,1.8431436932253575e-17
0.00062,45.32199999999831,0.0006199999999999769,2.3093506273941244e-17
0.00063,46.05299999999788,0.000629999999999971,2.905661822261152e-17
0.00064,46.78399999999735,0.0006399999999999637,3.63207727782644e-17
0.0006500000000000001,47.51499999999669,0.0006499999999999548,4.5319650809894085e-17
0.0006600000000000001,48.24599999999589,0.0006599999999999437,5.637851296924623e-17
0.00067,48.97699999999489,0.0006699999999999301,6.993104012531504e-17
0.00068,49.70799999999369,0.0006799999999999136,8.64109131470947e-17
0.0006900000000000001,50.43899999999222,0.0006899999999998936,1.0646865333807654e-16
0.0007000000000000001,51.16999999999045,0.0006999999999998693,1.3075478200175183e-16
0.00071,51.90099999998829,0.0007099999999998398,1.6024508109335756e-16
0.00072,52.631999999985695,0.0007199999999998043,1.9569849213363355e-16
0.0007300000000000001,53.36299999998259,0.0007299999999997619,2.381992172950653e-16
0.0007400000000000001,54.09399999997886,0.0007399999999997108,2.892651396191326e-16
0.00075,54.82499999997438,0.0007499999999996495,3.505225623645636e-16
0.00076,55.555999999969046,0.0007599999999995766,4.2348936857283803e-16
0.0007700000000000001,56.2869999999627,0.0007699999999994897,5.103339625889269e-16
0.0007800000000000001,57.01799999995515,0.0007799999999993864,6.136584296267955e-16
0.00079,57.74899999994618,0.0007899999999992637,7.362816953349061e-16
0.0008,58.4799999999356,0.000799999999999119,8.810226853617209e-16
0.0008100000000000001,59.21099999992309,0.0008099999999989478,1.052218208397182e-15
0.0008200000000000001,59.94199999990836,0.0008199999999987464,1.2536629720449888e-15
0.0008300000000000001,60.67299999989103,0.0008299999999985093,1.4907779871675686e-15
0.00084,61.40399999987069,0.000839999999998231,1.768984264627349e-15
0.0008500000000000001,62.13499999984688,0.0008499999999979054,2.0946785972419946e-15
0.0008600000000000001,62.865999999819024,0.0008599999999975243,2.4757756608706494e-15
0.0008700000000000001,63.59699999978653,0.0008699999999970798,2.920298551589706e-15
0.00088,64.32799999974867,0.0008799999999965618,3.4382219293860317e-15
0.0008900000000000001,65.05899999970464,0.0008899999999959595,4.040604656418978e-15
0.0009000000000000001,65.78999999965353,0.0008999999999952604,4.739698217237631e-15
0.0009100000000000001,66.5209999995943,0.00090999999999445,5.550139341170546e-15
0.00092,67.25199999952574,0.0009199999999935122,6.4878658001532585e-15
0.00093,67.98299999944652,0.0009299999999924284,7.571634291769769e-15
0.0009400000000000001,68.71399999935517,0.0009399999999911788,8.821285715776561e-15
0.0009500000000000001,69.44499999924994,0.0009499999999897393,1.0260780940185565e-14
0.0009600000000000001,70.17599999912889,0.0009599999999880833,1.1916791338439925e-14
0.00097,70.9069999989899,0.000969999999986182,1.3818048268110505e-14
0.0009800000000000002,71.63799999883051,0.0009799999999840015,1.59987040976306e-14
0.00099,72.36899999864798,0.0009899999999815046,1.849540486043022e-14
0.001,73.09999999843924,0.000999999999978649,2.1350976542322542e-14
0.00101,73.83099999820084,0.0010099999999753876,2.4612473517593436e-14
0.00102,74.56199999792892,0.001019999999971668,2.8332154330956705e-14
0.00103,75.29299999761918,0.0010299999999674307,3.2569433261464553e-14
0.0010400000000000001,76.0239999972668,0.0010399999999626101,3.73900129607696e-14
0.0010500000000000002,76.75499999686642,0.001049999999957133,4.2867185495731874e-14
0.0010600000000000002,77.48599999641203,0.001059999999950917,4.908313339102577e-14
0.00107,78.21699999589694,0.0010699999999438706,5.612936331000906e-14
0.00108,78.94799999531381,0.0010799999999358933,6.41067060547229e-14
0.00109,79.67899999465433,0.001089999999926872,7.312813549154029e-14
0.0011,80.40999999390937,0.0010999999999166809,8.331920223203504e-14
0.00111,81.14099999306879,0.0011099999999051818,9.48182504734163e-14
0.0011200000000000001,81.87199999212135,0.0011199999998922209,1.0777923692417701e-13
0.0011300000000000001,82.60299999105459,0.0011299999998776278,1.223723813253974e-13
0.0011400000000000002,83.33399998985473,0.0011399999998612138,1.3878633485508995e-13
0.0011500000000000002,84.0649999885066,0.0011499999998427716,1.5722861380906838e-13
0.00116,84.79599998699334,0.0011599999998220703,1.7792971956920312e-13
0.00117,85.5269999852965,0.0011699999997988578,2.0114227124168327e-13
0.00118,86.25799998339562,0.0011799999997728538,2.271462098274446e-13
0.00119,86.9889999812682,0.0011899999997437509,2.562492319030385e-13
0.0012000000000000001,87.71999997888952,0.001199999999711211,2.8878917486541145e-13
0.0012100000000000001,88.4509999762324,0.0012099999996748618,3.2513835374059497e-13
0.0012200000000000002,89.18199997326693,0.0012199999996342944,3.657057295880506e-13
0.0012300000000000002,89.91299996996028,0.00122999999958906,4.109401621071873e-13
0.00124,90.64399996627648,0.001239999999538666,4.613340959247481e-13
0.00125,91.37499996217613,0.0012499999994825736,5.174263795204581e-13
0.00126,92.10599995761598,0.0012599999994201913,5.798087704400601e-13
0.00127,92.83699995254875,0.0012699999993508722,6.491278868592243e-13
0.00128,93.56799994692278,0.0012799999992739095,7.260906285944113e-13
0.0012900000000000001,94.29899994068148,0.0012899999991885292,8.114708991563413e-13
0.0013000000000000002,95.02999993376321,0.001299999999093888,9.06112207835208e-13
0.0013100000000000002,95.76099992610054,0.0013099999989890634,1.0109367769989275e-12
0.0013200000000000002,96.49199991761998,0.0013199999988730503,1.1269498789018284e-12
0.00133,97.22299990824149,0.0013299999987447537,1.2552463408976866e-12
0.00134,97.95399989787782,0.0013399999986029797,1.3970203032592776e-12
0.00135,98.68499988643404,0.00134999999844643,1.5535699896679356e-12
0.00136,99.41599987380681,0.001359999998273691,1.7263091997565816e-12
0.0013700000000000001,100.14699985988386,0.0013699999980832265,1.916773597482324e-12
0.0013800000000000002,100.87799984454315,0.0013799999978733673,2.126632854190791e-12
0.0013900000000000002,101.60899982765221,0.001389999997642301,2.357699105393074e-12
0.0014000000000000002,102.3399998090672,0.00139999999738806,2.611940178032235e-12
0.00141,103.07099978863221,0.0014099999971085117,2.8914882641006834e-12
0.00142,103.8019997661782,0.0014199999968013434,3.1986566173536346e-12
0.00143,104.53299974152208,0.0014299999964640503,3.53594974480953e-12
0.00144,105.26399971446557,0.0014399999960939202,3.9060798866230595e-12
0.0014500000000000001,105.9949996847941,0.0014499999956880177,4.31198241175601e-12
0.0014600000000000001,106.72599965227565,0.001459999995243169,4.756831213648116e-12
0.0014700000000000002,107.4569996166594,0.0014699999947559426,5.2440575753348595e-12
0.0014800000000000002,108.18799957767442,0.0014799999942226322,5.777367950363099e-12
0.0014900000000000002,108.91899953502809,0.0014899999936392352,6.360764996313217e-12
0.0015,109.64999948840463,0.0014999999930014314,6.998568608321265e-12
0.00151,110.38099943746352,0.0015099999923045625,7.695437603122413e-12
0.00152,111.11199938183742,0.0015199999915436035,8.456396607264827e-12
0.0015300000000000001,111.84299932113069,0.0015299999907131422,9.286857957993555e-12
0.0015400000000000001,112.57399925491711,0.0015399999898073476,1.0192652494592225e-11
0.0015500000000000002,113.30499918273779,0.0015499999888199424,1.1180057747639527e-11
0.0015600000000000002,114.03599910409909,0.0015599999877441736,1.225582656194657e-11
0.0015700000000000002,114.76699901846993,0.001569999986572776,1.342722417627118e-11
0.00158,115.49799892527952,0.0015799999852979414,1.4702058580978727e-11
0.00159,116.22899882391445,0.0015899999839112783,1.6088721717724686e-11
0.0016,116.95999871371595,0.001599999982403775,1.7596225041285884e-11
0.00161,117.69099859397676,0.001609999980765756,1.923424418869002e-11
0.0016200000000000001,118.42199846393797,0.0016199999789868395,2.1013160612579074e-11
0.0016300000000000002,119.15299832278552,0.0016299999770558896,2.2944110587147515e-11
0.0016400000000000002,119.88399816964667,0.0016399999749609668,2.5039033346718753e-11
0.0016500000000000002,120.61499800358612,0.0016499999726892766,2.731072356113029e-11
0.0016600000000000002,121.34599782360186,0.0016599999702271117,2.9772888581608425e-11
0.00167,122.07699762862109,0.0016699999675597959,3.244020416875992e-11
0.00168,122.80799741749547,0.0016799999646716207,3.5328379327861925e-11
0.00169,123.53899718899635,0.0016899999615457777,3.8454222445194475e-11
0.0017000000000000001,124.26999694180978,0.0016999999581642925,4.183570764121347e-11
0.0017100000000000001,125.00099667453105,0.0017099999545079488,4.549205131522405e-11
0.0017200000000000002,125.73199638565904,0.0017199999505562113,4.944378890689438e-11
0.0017300000000000002,126.46299607359023,0.001729999946287144,5.3712856211418636e-11
0.0017400000000000002,127.19399573661235,0.0017399999416773235,5.832267676621206e-11
0.00175,127.92499537289771,0.0017499999367017471,6.329825292389346e-11
0.00176,128.65599498049625,0.001759999931333738,6.866626212943816e-11
0.00177,129.3869945573279,0.0017699999255448415,7.445515861834173e-11
0.0017800000000000001,130.11799410117487,0.0017799999193047178,8.069528227051814e-11
0.0017900000000000001,130.8489936096734,0.0017899999125810316,8.741896854840003e-11
0.0018000000000000002,131.5799930803051,0.0017999999053393309,9.466066927706074e-11
0.0018100000000000002,132.31099251038756,0.0018099998975429216,1.0245707862850673e-10
0.0018200000000000002,133.04199189706486,0.0018199998891527342,1.1084726604486395e-10
0.0018300000000000002,133.7729912372974,0.0018299998801271872,1.19872813064692e-10
0.00184,134.50399052785104,0.0018399998704220388,1.2957796120816045e-10
0.00185,135.23498976528612,0.0018499998599902341,1.4000976593375736e-10
0.00186,135.96598894594524,0.0018599998487817406,1.5121825948545553e-10
0.0018700000000000001,136.69698806594107,0.0018699998367433799,1.632566202450919e-10
0.0018800000000000002,137.42798712114302,0.001879999823818646,1.7618135422781123e-10
0.0018900000000000002,138.15898610716363,0.0018899998099475188,1.9005248134799924e-10
0.0019000000000000002,138.88998501934412,0.001899999795066267,2.0493373317775898e-10
0.0019100000000000002,139.6209838527388,0.0019099997791072337,2.2089276653473877e-10
0.0019200000000000003,140.3519826020996,0.0019199997619986267,2.380013736005132e-10
0.00193,141.08298126185895,0.0019299997436642811,2.563357189271781e-10
0.00194,141.8139798261122,0.0019399997240234226,2.7597657752814753e-10
0.0019500000000000001,142.54497828859922,0.0019499997029904135,2.970095866298983e-10
0.0019600000000000004,143.27597664268484,0.001959999680474485,3.1952551542147045e-10
0.00197,144.0069748813387,0.001969999656379462,3.436205378397339e-10
0.00198,144.73797299711367,0.00197999963060347,3.6939652985762406e-10
0.00199,145.46897098212372,0.0019899996030386283,3.969613717597076e-10
0.002,146.19996882802025,0.0019999995735707284,4.264292716681106e-10
0.00201,146.93096652596745,0.002009999542078898,4.5792110207887315e-10
0.00202,147.66196406661675,0.00201999950843525,4.915647502760911e-10
0.00203,148.39296144007966,0.0020299994725045097,5.274954904301021e-10
0.00204,149.12395863589956,0.0020399994341436327,5.658563674050543e-10
0.00205,149.85495564302215,0.0020499993932013975,6.067986026841998e-10
0.00206,150.58595244976436,0.0020599993495179804,6.504820198108274e-10
0.0020700000000000002,151.31694904378196,0.002069999302924514,6.970754863090678e-10
0.0020800000000000003,152.0479454120357,0.002079999253242622,7.467573781561043e-10
0.0020900000000000003,152.77894154075562,0.0020899992002839348,7.997160655047464e-10
0.0021000000000000003,153.5099374154043,0.0020999991438495798,8.561504205237269e-10
0.0021100000000000003,154.24093302063767,0.0021099990837296534,9.162703469220435e-10
0.0021200000000000004,154.97192834026464,0.0021199990197026627,9.802973376625557e-10
0.0021300000000000004,155.70292335720455,0.002129998951534946,1.0484650543596263e-09
0.00214,156.4339180534431,0.00213999887898007,1.1210199300955292e-09
0.00215,157.16491240998573,0.0021499988017781905,1.1982218095334118e-09
0.00216,157.89590640680956,0.0021599987196553976,1.2803446024743648e-09
0.00217,158.6269000228126,0.002169998632323018,1.367676982083621e-09
0.00218,159.3578932357612,0.0021799985394768974,1.460523102632394e-09
0.00219,160.08888602223504,0.002189998440796649,1.5592033510668235e-09
0.0022,160.8198783575695,0.0021999983359448634,1.6640551367408385e-09
0.00221,161.55087021579584,0.0022099982245662904,1.7754337097719564e-09
0.00222,162.2818615695785,0.0022199981062869835,1.8937130166936378e-09
0.00223,163.01285239015016,0.0022299979807134085,2.0192865916694724e-09
0.0022400000000000002,163.74384264724335,0.0022399978474315096,2.152568490641771e-09
0.0022500000000000003,164.4748323090198,0.0022499977060057427,2.2939942575725403e-09
0.0022600000000000003,165.20582134199623,0.0022599975559780606,2.4440219396903995e-09
0.0022700000000000003,165.93680971096745,0.00226999739686686,2.6031331404677283e-09
0.0022800000000000003,166.6677973789259,0.0022799972281658813,2.7718341190016704e-09
0.0022900000000000004,167.3987843069781,0.0022899970493430654,2.950656934931628e-09
0.0023000000000000004,168.1297704542572,0.0022999968598393598,3.1401606406279703e-09
0.00231,168.8607557778326,0.002309996659067477,3.3409325228203612e-09
0.00232,169.59174023261494,0.002319996446410601,3.5535893988698775e-09
0.00233,170.32272377125793,0.002329996221221039,3.778778961179702e-09
0.00234,171.05370634405574,0.00233999598281882,4.017181180152735e-09
0.00235,171.7846878988364,0.0023499957304902383,4.2695097617929945e-09
0.00236,172.5156683808508,0.002359995463486331,4.5365136690581065e-09
0.00237,173.2466477326571,0.002369995181021301,4.818978699156623e-09
0.00238,173.97762589400065,0.002379994882270871,5.117729129366921e-09
0.00239,174.70860280168932,0.002389994566370579,5.433629421403019e-09
0.0024000000000000002,175.43957838946312,0.0023999942324139964,5.767586003842945e-09
0.0024100000000000002,176.17055258785933,0.00240999387945088,6.120549120042923e-09
0.0024200000000000003,176.90152532407222,0.002419993506485256,6.49351474413945e-09
0.0024300000000000003,177.63249652180684,0.002429993112473418,6.887526582486508e-09
0.0024400000000000003,178.36346610112741,0.0024399926963218524,7.303678147951159e-09
0.0024500000000000004,179.09443397829995,0.002449992256885088,7.743114912271698e-09
0.0024600000000000004,179.82540006562823,0.0024599917929634505,8.20703654992247e-09
0.0024700000000000004,180.55636427128383,0.0024699913033007365,8.696699263944369e-09
0.00248,181.28732649912973,0.002479990786581802,9.213418198077833e-09
0.00249,182.01828664853667,0.00248999024143005,9.75856994994348e-09
0.0025,182.7492446141929,0.0024999896664048274,1.0333595172693638e-08
0.00251,183.4802002859065,0.002509989059998721,1.0940001279012568e-08
0.00252,184.21115354840032,0.0025199884206347513,1.1579365248766404e-08
0.00253,184.9421042810992,0.0025299877466634637,1.2253336536399706e-08
0.00254,185.67305235790883,0.002539987036359902,1.2963640098027918e-08
0.00255,186.40399764698714,0.0025499862879204806,1.371207951957748e-08
0.00256,187.13494001050634,0.0025599854994597313,1.4500540268958667e-08
0.0025700000000000002,187.86587930440646,0.0025699846690069284,1.5330993071837468e-08
0.0025800000000000003,188.59681537814015,0.0025799837945026014,1.6205497398863455e-08
0.0025900000000000003,189.3277480744074,0.002589982873794903,1.7126205097313385e-08
0.0026000000000000003,190.05867722888115,0.002599981904635857,1.809536414329807e-08
0.0026100000000000003,190.7896026699226,0.0026099808846774637,1.911532253665027e-08
0.0026200000000000004,191.52052421828608,0.002619979811467662,2.0188532338493576e-08
0.0026300000000000004,192.25144168681385,0.0026299786824461537,2.131755384672182e-08
0.0026400000000000004,192.98235488011903,0.002639977494940069,2.2505059931506727e-08
0.00265,193.71326359425785,0.0026499762461594783,2.3753840521726494e-08
0.00266,194.44416761639008,0.002659974933192751,2.5066807249254225e-08
0.00267,195.17506672442693,0.0026699735530017364,2.6446998263682936e-08
0.00268,195.90596068666724,0.0026799721024167887,2.789758321141561e-08
0.00269,196.6368492614202,0.002689970578131603,2.9421868396901224e-08
0.0027,197.36773219661507,0.0026999689766978806,3.1023302119511514e-08
0.00271,198.09860922939754,0.002709967294519802,3.2705480198201575e-08
0.00272,198.8294800857115,0.0027199655278483106,3.447215168959211e-08
0.0027300000000000002,199.56034447986667,0.002729963672775194,3.632722480641226e-08
0.0027400000000000002,200.2912021140914,0.0027399617252269683,3.8274773031966164e-08
0.0027500000000000003,201.02205267806949,0.0027499596809585428,4.03190414575115e-08
0.0027600000000000003,201.7528958484623,0.00275995753554668,4.246445332043228e-08
0.0027700000000000003,202.4837312884133,0.002769955284383219,4.471561678136976e-08
0.0027800000000000004,203.2145586470366,0.002779952922668079,4.707733192122962e-08
0.0027900000000000004,203.94537755888814,0.0027899504454020267,4.955459797367778e-08
0.0028000000000000004,204.67618764341893,0.002799947847379192,5.2152620808303823e-08
0.0028100000000000004,205.4069885044097,0.002809945123179339,5.487682066141614e-08
0.00282,206.13777972938755,0.0028199422671598843,5.773284011576993e-08
0.00283,206.86856088902243,0.002829939273447639,6.072655236088673e-08
0.00284,207.59933153650388,0.0028399361359302856,6.386406971444977e-08
0.00285,208.33009120689746,0.0028499328482475715,6.715175242862775e-08
0.00286,209.06083941648012,0.002859929403782218,7.059621778219421e-08
0.00287,209.79157566205356,0.0028699257956505274,7.420434947275414e-08
0.00288,210.5222994202354,0.0028799220166926868,7.798330731341452e-08
0.00289,211.2530101467279,0.002889918059462762,8.194053723823563e-08
0.0029000000000000002,211.9837072755626,0.002899913916218367,8.608378163337677e-08
0.0029100000000000003,212.71439021832094,0.0029099095789099994,9.042109000087506e-08
0.0029200000000000003,213.44505836333008,0.002919905039170042,9.496082995809341e-08
0.0029300000000000003,214.1757110748332,0.002929900288301412,9.971169858844983e-08
0.0029400000000000003,214.90634769213386,0.002939895317265853,1.0468273414733151e-07
0.0029500000000000004,215.6369675287126,0.002949890116671855,1.0988332814531113e-07
0.0029600000000000004,216.3675698713173,0.0029598846767622065,1.1532323779392048e-07
0.0029700000000000004,217.09815397902366,0.0029698789874011444,1.210125988560483e-07
0.0029800000000000004,217.82871908226798,0.0029798730380611216,1.2696193887884455e-07
0.00299,218.55926438184912,0.0029898668178091536,1.33182190846428e-07
0.003,219.28978904790057,0.0029998603152927576,1.396847072424219e-07
0.00301,220.02029221883032,0.003009853518725449,1.464812745509414e-07
0.00302,220.75077300022974,0.003019846415871816,1.5358412818432254e-07
0.00303,221.48123046374798,0.00302983899403212,1.610059678800943e-07
0.00304,222.21166364593415,0.003039831240026459,1.6875997354117225e-07
0.00305,222.94207154704372,0.0030498231401784367,1.7685982156350963e-07
0.0030600000000000002,223.67245312980992,0.0030598146802983573,1.853197016429657e-07
0.0030700000000000002,224.40280731817876,0.00306980584566592,1.9415433408003988e-07
0.0030800000000000003,225.13313299600685,0.0030797966210124057,2.0337898759461431e-07
0.0030900000000000003,225.86342900572123,0.0030897869905023422,2.1300949765807806e-07
0.0031000000000000003,226.59369414694004,0.003099776937714638,2.230622853623479e-07
0.0031100000000000004,227.32392717505354,0.0031097664456231676,2.3355437683272515e-07
0.0031200000000000004,228.05412679976428,0.0031197554965768028,2.445034231975986e-07
0.0031300000000000004,228.78429168358554,0.003129744072278872,2.5592772112843776e-07
0.0031400000000000004,229.51442044029739,0.003139732153766038,2.678462339622198e-07
0.0031500000000000005,230.24451163335885,0.003149719721386578,2.802786134223356e-07
0.00316,230.97456377427568,0.003159706754778053,2.9324522194708325e-07
0.00317,231.70457532092314,0.0031696932328443657,3.0676715563442147e-07
0.00318,232.43454467582166,0.0031796791337321702,3.208662678298724e-07
0.00319,233.16447018436565,0.003189664434806644,3.3556519335627144e-07
0.0032,233.89435013300402,0.003199649112626594,3.508873734061821e-07
0.00321,234.62418274737087,0.00320963314291889,3.66857081109985e-07
0.00322,235.35396619036692,0.003219616500552215,3.8349944778528003e-07
0.0032300000000000002,236.08369856018845,0.003229599159510102,4.008404898983922e-07
0.0032400000000000003,236.81337788830547,0.0032395810928632757,4.1890713672453755e-07
0.0032500000000000003,237.54300213738526,0.0032495622727412485,4.3772725875175153e-07
0.0032600000000000003,238.2725691991635,0.0032595426703031943,4.573296968060289e-07
0.0032700000000000003,239.00207689225863,0.0032695222557080524,4.777442919479818e-07
0.0032800000000000004,239.73152295993145,0.0032795009980838776,4.990019161228015e-07
0.0032900000000000004,240.46090506778728,0.003289478865496406,5.21134503594315e-07
0.0033000000000000004,241.19022080142048,0.003299455824916833,5.441750831674738e-07
0.0033100000000000004,241.91946766399985,0.0033094318421887804,5.681578112200908e-07
0.0033200000000000005,242.64864307379491,0.0033194068819944584,5.931180055420912e-07
0.00333,243.3777443616412,0.0033293809078199887,6.190921800113339e-07
0.00334,244.10676876834452,0.0033393538819198976,6.461180801025333e-07
0.00335,244.83571344202284,0.00334932576528075,6.742347192500997e-07
0.00336,245.56457543538505,0.003359296517583927,7.034824160731361e-07
0.00337,246.29335170294632,0.0033692660971675285,7.339028324717008e-07
0.00338,247.02203909817877,0.0033792344609873976,7.655390126025743e-07
0.0033900000000000002,247.7506343705968,0.0033892015645772475,7.984354227527461e-07
0.0034000000000000002,248.47913416277657,0.0033991673620078875,8.326379921127884e-07
0.0034100000000000003,249.20753500730962,0.003409131805845549,8.681941544514196e-07
0.0034200000000000003,249.93583332368837,0.00341909484710928,9.051528907203128e-07
0.0034300000000000003,250.6640254151252,0.0034290564352274307,9.435647725696342e-07
0.0034400000000000003,251.3921074653024,0.0034390165179931926,9.834820068077045e-07
0.0034500000000000004,252.12007553505498,0.00344897504151922,1.0249584807804982e-06
0.0034600000000000004,252.84792555898366,0.003458931950191295,1.0680498087052397e-06
0.0034700000000000004,253.57565334199938,0.003468887186621059,1.1128133789416184e-06
0.0034800000000000005,254.30325455579873,0.0034788406915977938,1.1593084022066928e-06
0.0034900000000000005,255.0307247352698,0.0034887924040392588,1.2075959607417246e-06
0.0035,255.7580592748293,0.0034987422609415774,1.2577390584227015e-06
0.00351,256.48525342468974,0.003508690197328177,1.3098026718232243e-06
0.00352,257.2123022870584,0.003518636146197789,1.3638538022111082e-06
0.00353,257.93920081226713,0.0035285800384715067,1.4199615284934443e-06
0.00354,258.665943794834,0.0035385218029389057,1.4781970610945085e-06
0.00355,259.3925258694575,0.0035484613662032484,1.5386337967517733e-06
0.0035600000000000002,260.11894150694275,0.003558398652625756,1.601347374244333e-06
0.0035700000000000003,260.845185010063,0.0035683335842689877,1.6664157310125431e-06
0.0035800000000000003,261.5712505093536,0.0035782660808393106,1.7339191606896912e-06
0.0035900000000000003,262.29713195884426,0.0035881960596285123,1.8039403714880178e-06
0.0036000000000000003,263.0228231317258,0.003598123435454525,1.8765645454755196e-06
0.0036100000000000004,263.7483176159569,0.003608048120601326,1.951879398674576e-06
0.0036200000000000004,264.47360880981057,0.0036179700247580106,2.0299752419897753e-06
0.0036300000000000004,265.1986899173619,0.003627889054957071,2.110945042929375e-06
0.0036400000000000004,265.92355394391996,0.003637805115511901,2.1948844880995827e-06
0.0036500000000000005,266.64819369140525,0.00364771810795356,2.281892046440432e-06
0.0036600000000000005,267.37260175367635,0.0036576279309668445,2.372069033155979e-06
0.00367,268.09677051180597,0.003667534480325663,2.465519674337089e-06
0.00368,268.8206921293124,0.003677437648827803,2.5623511721970145e-06
0.00369,269.54435854734686,0.003687337326229095,2.6626737709050177e-06
0.0037,270.2677614798407,0.0036972333991770277,2.7666008229725036e-06
0.00371,270.99089240861815,0.003707125751143887,2.874248856113166e-06
0.00372,271.71374257847435,0.0037170142623594304,2.985737640569773e-06
0.0037300000000000002,272.4363029922272,0.00372689880974319,3.1011902568104516e-06
0.0037400000000000003,273.15856440574464,0.003736779266836452,3.2207331635480604e-06
0.0037500000000000003,273.8805173229531,0.0037466555037339684,3.3444962660319176e-06
0.0037600000000000003,274.60215199083177,0.0037565273870154826,3.4726129845177693e-06
0.0037700000000000003,275.3234583943994,0.003766394779677146,3.6052203228544195e-06
0.0037800000000000004,276.04442625169713,0.0037762575410628884,3.7424589371119928e-06
0.0037900000000000004,276.7650450087755,0.003786115526795834,3.884473204166395e-06
0.0038000000000000004,277.48530383469074,0.0037959685887098598,4.03141129014066e-06
0.0038100000000000005,278.2051916165178,0.0038058165747813654,4.183425218635094e-06
0.0038200000000000005,278.92469695438706,0.0038156593290613826,4.3406709386178445e-06
0.0038300000000000005,279.6438081565518,0.0038254966916080957,4.5033083919047805e-06
0.0038400000000000005,280.3625132344955,0.003835328498419911,4.671501580089457e-06
0.00385,281.08079989808584,0.0038451545813691632,4.8454186308368764e-06
0.00386,281.79865555078504,0.0038549747681365944,5.025231863405727e-06
0.00387,282.51606728492516,0.003864788882146719,5.211117853281145e-06
0.00388,283.2330218770586,0.003874596742504222,5.4032574957783505e-06
0.0038900000000000002,283.9495057833917,0.003884398163931487,5.601836068513076e-06
0.0039000000000000003,284.66550513531513,0.0038941929567074575,5.807043292542762e-06
0.00391,285.38100573503766,0.0039039809266079024,6.0190733920978574e-06
0.003920000000000001,286.0959930513385,0.003913761874847312,6.238125152688984e-06
0.00393,286.8104522154458,0.003923535598022515,6.464401977485448e-06
0.00394,287.524368017057,0.003933301888058235,6.698111941765179e-06
0.00395,288.23772490050976,0.003943060532154716,6.939467845284292e-06
0.00396,288.95050696111934,0.003952811312737611,7.1886872623893455e-06
0.0039700000000000004,289.66269794169307,0.003962554007410302,7.445992589698823e-06
0.00398,290.37428122923654,0.003972288388908844,7.711611091155632e-06
0.0039900000000000005,291.08523985186514,0.003982014225059715,7.985774940285836e-06
0.004,291.79555647593475,0.003991731278740558,8.26872125944244e-06
0.0040100000000000005,292.50521340340697,0.004001439307844145,8.560692155855538e-06
0.00402,293.2141925694608,0.004011138065245702,8.861934754298036e-06
0.004030000000000001,293.922475540371,0.004020827298773885,9.172701226115368e-06
0.00404,294.6300435116618,0.004030506751185524,9.493248814476142e-06
0.004050000000000001,295.33687730655754,0.004040176160144426,9.823839855574792e-06
0.00406,296.0429573747415,0.004049835258204398,1.016474179560238e-05
0.004070000000000001,296.74826379144156,0.004059483772796738,1.0516227203262625e-05
0.00408,297.4527762568563,0.004069121426222384,1.0878573777616321e-05
0.004090000000000001,298.15647409593953,0.004078747935648968,1.1252064351032973e-05
0.0041,298.8593362585585,0.004088363013112975,1.163698688702499e-05
0.00411,299.56134132004115,0.0040979663655272384,1.2033634472761491e-05
0.00412,300.26246748212975,0.004107557694693977,1.244230530602318e-05
0.00413,300.96269257435506,0.004117136697323599,1.2863302676401414e-05
0.0041400000000000005,301.6619940558493,0.0041267030650594975,1.3296934940502936e-05
0.00415,302.36034901760956,0.004136256484509023,1.374351549097725e-05
0.0041600000000000005,303.0577341852311,0.004145796637280863,1.420336271913767e-05
0.00417,303.7541259221216,0.0041553232000290236,1.467679997097654e-05
0.0041800000000000006,304.44950023321405,0.004164835844503612,1.5164155496388138e-05
0.00419,305.143832769189,0.004174334237608605,1.566576239139545e-05
0.004200000000000001,305.8370988312221,0.004183818041466786,1.6181958533214268e-05
0.00421,306.5292733762685,0.004193286913492045,1.671308650795511e-05
0.004220000000000001,307.22033102289674,0.004202740506469176,1.7259493530825086e-05
0.00423,307.91024605768155,0.0042121784686413345,1.782153135866573e-05
0.004240000000000001,308.59899244217,0.004221600443805335,1.8399556194665517e-05
0.00425,309.28654382042475,0.004231006071414839,1.8993928585161156e-05
0.004260000000000001,309.972873527159,0.004240394986691641,1.960501330835942e-05
0.00427,310.65795459646506,0.004249766820745076,2.023317925492398e-05
0.00428,311.3417597711476,0.004259121200699694,2.0878799300305846e-05
0.00429,312.0242615126624,0.004268457749831223,2.154225016877745e-05
0.0043,312.70543201166595,0.0042777760877108885,2.2223912289111476e-05
0.0043100000000000005,313.38524319918076,0.00428707583035815,2.29241696418506e-05
0.00432,314.06366675837126,0.0042963565904017955,2.3643409598204587e-05
0.0043300000000000005,314.74067413693615,0.004305617977249468,2.4382022750532237e-05
0.00434,315.4162365601096,0.004314859597265522,2.5140402734478463e-05
0.004350000000000001,316.09032504427125,0.004324081053957199,2.5918946042801164e-05
0.00436,316.76291041115576,0.0043332819481690255,2.6718051830974636e-05
0.004370000000000001,317.4339633026585,0.004342461878285343,2.7538121714658012e-05
0.00438,318.1034541962242,0.004351620440440824,2.8379559559176155e-05
0.004390000000000001,318.77135342081067,0.00436075722873886,2.9242771261140527e-05
0.0044,319.43763117341234,0.004369871835477597,3.012816452240344e-05
0.004410000000000001,320.1022575361304,0.004378963851383453,3.10361486165478e-05
0.00442,320.7652024937713,0.004388032865851865,3.196713414813524e-05
0.004430000000000001,321.4264359519574,0.004397078467195039,3.29215328049616e-05
0.00444,322.08592775572527,0.004406100242896379,3.3899757103621544e-05
0.00445,322.74364770859324,0.004415097779871317,3.490222012868336e-05
0.00446,323.3995655920713,0.004424070664734218,3.5929335265782666e-05
0.00447,324.0536511855871,0.004433018484070959,3.6981515929040976e-05
0.0044800000000000005,324.7058742868021,0.004441940824716855,3.8059175283145646e-05
0.00449,325.3562047322847,0.004450837274039462,3.9162725960537915e-05
0.0045000000000000005,326.004612418512,0.004459707420225882,4.02925797741184e-05
0.00451,326.6510673231643,0.004468550852574067,4.1449147425933267e-05
0.004520000000000001,327.2955395266803,0.004477367161787692,4.2632838212308503e-05
0.00453,327.9379992340329,0.004486155940274047,4.384405972595283e-05
0.004540000000000001,328.5784167966925,0.0044949167824444945,4.508321755550618e-05
0.00455,329.2167627347352,0.004503649285016897,4.6350714983102795e-05
0.004560000000000001,329.85300775905716,0.0045123530473195235,4.764695268047719e-05
0.00457,330.48712279365475,0.0045210276715958245,4.8972328404175806e-05
0.004580000000000001,331.1190789979271,0.0045296727633095364,5.032723669046429e-05
0.00459,331.748847788959,0.004538287931449507,5.171206855049317e-05
0.004600000000000001,332.3764008637411,0.004546872788833667,5.3127211166333586e-05
0.00461,333.0017102212827,0.004555426952411528,5.4573047588472694e-05
0.00462,333.6247481845737,0.00456395004356462,5.60499564353804e-05
0.0046300000000000004,334.24548742235197,0.004572441688404268,5.755831159573281e-05
0.00464,334.86390097062974,0.00458090151806607,5.909848193392988e-05
0.0046500000000000005,335.4799622539382,0.004589329169000522,6.067083099947808e-05
0.00466,336.093645106244,0.004597724283259152,6.227571674084775e-05
0.0046700000000000005,336.7049237914965,0.004606086508775602,6.391349122439847e-05
0.00468,337.3137730237611,0.004614415499641054,6.558450035894572e-05
0.004690000000000001,337.9201679869009,0.004622710916373473,6.728908362652747e-05
0.0047,338.52408435376185,0.004630972426180053,6.902757381994744e-05
0.004710000000000001,339.1254983048258,0.004639199703212391,7.080029678760945e-05
0.00472,339.7243865462915,0.004647392428813837,7.260757118616318e-05
0.004730000000000001,340.3207263275482,0.004655550291758525,7.444970824147575e-05
0.00474,340.9144954580063,0.004663672988481618,7.63270115183819e-05
0.004750000000000001,341.5056723232541,0.004671760223300329,7.82397766996715e-05
0.00476,342.0942359005055,0.004679811708625246,8.018829137475432e-05
0.004770000000000001,342.68016577331605,0.0046878271651616425,8.217283483835831e-05
0.00478,343.26344214553365,0.004695806322100323,8.419367789967713e-05
0.00479,343.84404585446384,0.004703748917297727,8.625108270227284e-05
0.0048000000000000004,344.42195838322664,0.004711654697444961,8.834530255503927e-05
0.00481,344.9971618722826,0.00471952341822548,9.047658177451998e-05
0.0048200000000000005,345.5696391301137,0.0047273548444612,9.26451555388003e-05
0.00483,346.1393736430422,0.004735148750246815,9.485124975318511e-05
0.0048400000000000006,346.7063495841744,0.0047429049190721535,9.709508092784706e-05
0.00485,347.2705518214618,0.0047506231439324465,9.937685606755363e-05
0.004860000000000001,347.831965924869,0.004758303227426389,0.00010169677257361193
0.00487,348.3905781726453,0.004765944981841933,0.00010405501815806753
0.004880000000000001,348.94637555669806,0.004773548229229796,0.00010645177077020507
0.00489,349.4993457870652,0.00478111280146464,0.00010888719853536025
0.004900000000000001,350.0494772954926,0.004788638540294016,0.00011136145970598501
0.00491,350.5967592381186,0.004796125297375083,0.00011387470262491737
0.004920000000000001,351.1411814972745,0.00480357293429924,0.00011642706570076048
0.00493,351.6827346824093,0.004810981322604779,0.00011901867739522176
0.004940000000000001,352.22141013015175,0.004818350343777726,0.00012164965622227502
0.00495,352.7571999035207,0.004825679889241049,0.0001243201107589513
0.00496,353.2900967903032,0.004832969860332465,0.00012703013966753468
0.0049700000000000005,353.82009430061487,0.004840220168271066,0.00012977983172893486
0.00498,354.34718666366246,0.00484743073411303,0.00013256926588697034
0.0049900000000000005,354.87136882373136,0.004854601488696735,0.00013539851130326547
0.005,355.3926364354181,0.00486173237257754,0.00013826762742246042
0.0050100000000000006,355.9109858581336,0.0048688233359525795,0.00014117666404742102
0.00502,356.42641414990123,0.00487587433857594,0.00014412566142405978
0.005030000000000001,356.93891906047713,0.00488288534966453,0.00014711465033547064
0.00504,357.44849902381964,0.00488985634779507,0.00015014365220492997
0.005050000000000001,357.9551531499359,0.004896787320792556,0.00015321267920744442
0.00506,358.4588812161354,0.004903678265610607,0.0001563217343893931
0.005070000000000001,358.9596836577198,0.004910529188204101,0.0001594708117958997
0.00508,359.4575615581397,0.004917340103394524,0.0001626598966054764
0.005090000000000001,359.95251663864883,0.004924111034728438,0.00016588896527156265
0.0051,360.4445512474863,0.004930842014329498,0.00016915798567050232
0.005110000000000001,360.9336683486192,0.004937533082744449,0.0001724669172555515
0.00512,361.41987151007527,0.00494418428878352,0.00017581571121648085
0.00513,361.9031648918984,0.004950795689355656,0.0001792043106443441
0.0051400000000000005,362.3835532337571,0.004957367349299003,0.0001826326507009977
0.00515,362.86104184223575,0.004963899341207056,0.00018610065879294448
0.0051600000000000005,363.3356365778426,0.0049703917452509246,0.00018960825474907596
0.00517,363.8073438417597,0.00497684464899808,0.00019315535100191978
0.005180000000000001,364.27617056236863,0.004983258147228025,0.0001967418527719757
0.00519,364.74212418157856,0.0049896323417452605,0.00020036765825473968
0.005200000000000001,365.20521264098556,0.004995967341189953,0.000204032658810048
0.00521,365.6654443678908,0.005002263260846659,0.000207736739153341
0.005220000000000001,366.12282826120554,0.005008520222451512,0.0002114797775484888
0.00523,366.5773736772667,0.005014738353998176,0.00021526164600182453
0.005240000000000001,367.02909041559076,0.0050209177895429655,0.00021908221045703526
0.00525,367.4779887045885,0.005027058669009418,0.0002229413309905821
0.005260000000000001,367.9240791872652,0.005033161137992684,0.00022683886200731713
0.00527,368.36737290692736,0.005039225347563986,0.0002307746524360145
0.005280000000000001,368.80788129292,0.005045251454075513,0.0002347485459244878
0.00529,369.2456161464114,0.0050512396189659565,0.00023876038103404391
0.0053,369.6805896262482,0.005057190008567007,0.00024280999143299307
0.0053100000000000005,370.1128142348981,0.005063102793911055,0.00024689720608894565
0.00532,370.54230280449565,0.005068978150540296,0.0002510218494597037
0.0053300000000000005,370.96906848301273,0.005074816258317547,0.0002551837416824533
0.00534,371.3931247205626,0.005080617301238886,0.0002593826987611139
0.005350000000000001,371.81448525585824,0.005086381467248403,0.00026361853275159736
0.00536,372.2331641028338,0.005092108948055183,0.0002678910519448175
0.005370000000000001,372.6491755374451,0.005097799938952738,0.00027220006104726295
0.00538,373.0625340846575,0.005103454638641006,0.0002765453613589944
0.005390000000000001,373.4732545056363,0.005109073249051113,0.00028092675094888806
0.0054,373.8813517851437,0.005114655975172964,0.00028534402482703614
0.005410000000000001,374.2868411191565,0.005120203024885862,0.0002897969751141389
0.00542,374.68973790270934,0.005125714608792194,0.00029428539120780663
0.005430000000000001,375.0900577179722,0.005131190940054339,0.00029880905994566186
0.00544,375.4878163225666,0.005136632234234837,0.00030336776576516365
0.005450000000000001,375.8830296381293,0.005142038709139936,0.000307961290860065
0.0054600000000000004,376.2757137391253,0.005147410584666557,0.00031258941533344325
0.00547,376.6658848419154,0.005152748082652741,0.0003172519173472591
0.0054800000000000005,377.0535592940827,0.005158051426731637,0.0003219485732683632
0.00549,377.4387535640187,0.005163320842189039,0.0003266791578109612
0.0055000000000000005,377.82148423077354,0.005168556555824535,0.00033144344417546535
0.00551,378.2017679741697,0.0051737587958162745,0.0003362412041837256
0.005520000000000001,378.5796215651824,0.0051789277915893625,0.00034107220841063813
0.00553,378.95506185658496,0.0051840637736878924,0.00034593622631210776
0.005540000000000001,379.3281057738609,0.005189166973650628,0.0003508330263493724
0.00555,379.69877030638065,0.005194237623890296,0.00035576237610970406
0.005560000000000001,380.0670724988438,0.005199275957576522,0.00036072404242347856
0.00557,380.43302944298375,0.00520428220852235,0.00036571779147765056
0.005580000000000001,380.7966582695344,0.005209256611074342,0.0003707433889256588
0.00559,381.1579761404548,0.005214199400006222,0.00037580059999377854
0.005600000000000001,381.51700024141303,0.005219110810416047,0.00038088918958395414
0.00561,381.87374777452146,0.005223991077626833,0.0003860089223731676
0.005620000000000001,382.2282359513257,0.005228840437090639,0.0003911595629093618
0.0056300000000000005,382.580481986039,0.005233659124296019,0.0003963408757039818
0.00564,382.930503089023,0.005238447374678837,0.00040155262532116324
0.0056500000000000005,383.2783164605081,0.005243205423536363,0.0004067945764636375
0.00566,383.62393928455026,0.0052479335059446,0.0004120664940553999
0.0056700000000000006,383.96738872322135,0.0052526318566788145,0.0004173681433211861
0.00568,384.30868191102695,0.005257300710137167,0.00042269928986283286
0.005690000000000001,384.6478359495487,0.005261940300267424,0.0004280596997325763
0.0057,384.9848679023064,0.005266550860496668,0.0004334491395033323
0.005710000000000001,385.31979478983465,0.005271132623663949,0.00043886737633605163
0.00572,385.65263358496964,0.0052756858219558085,0.0004443141780441917
0.005730000000000001,385.9834012083427,0.005280210686844633,0.0004497893131553679
0.00574,386.31211452407285,0.0052847074490297245,0.00045529255097027585
0.005750000000000001,386.63879033565775,0.005289176338381091,0.0004608236616189098
0.00576,386.96344538205335,0.005293617583885819,0.00046638241611418173
0.005770000000000001,387.2860963339418,0.005298031413597015,0.00047196858640298576
0.00578,387.6067597901798,0.005302418054585223,0.0004775819454147772
0.005790000000000001,387.9254522744242,0.005306777732892259,0.00048322226710774147
0.0058000000000000005,388.2421902319286,0.005311110673487395,0.0004888893265126053
0.00581,388.55699002650795,0.005315417100225827,0.0004945828997741731
0.0058200000000000005,388.86986793766437,0.0053196972358093625,0.0005003027641906381
0.00583,389.18084015787076,0.005323951301749258,0.0005060486982507422
0.005840000000000001,389.48992279000765,0.005328179518331158,0.0005118204816688425
0.00585,389.7971318449469,0.005332382104582037,0.0005176178954179635
0.005860000000000001,390.10248323927976,0.005336559278239121,0.0005234407217608794
0.00587,390.40599279318394,0.005340711255720711,0.0005292887442792894
0.005880000000000001,390.7076762284246,0.005344838252098832,0.0005351617479011691
0.00589,391.007549166485,0.005348940481073666,0.0005410595189263342
0.005900000000000001,391.3056271268241,0.005353018154949714,0.0005469818450502869
0.00591,391.6019255252546,0.005357071484613606,0.0005529285153863944
0.005920000000000001,391.896459672438,0.005361100679513516,0.0005588993204864844
0.00593,392.1892447724937,0.005365105947640132,0.000564894052359868
0.005940000000000001,392.48029592171645,0.005369087495509117,0.0005709125044908838
0.00595,392.7696281073995,0.005373045528145,0.0005769544718550006
0.005960000000000001,393.0572562067583,0.005376980249066461,0.0005830197509335399
0.0059700000000000005,393.34319498595266,0.005380891860272951,0.0005891081397270499
0.00598,393.6274590992024,0.005384780562232591,0.0005952194377674093
0.0059900000000000005,393.91006308799274,0.0053886465538713095,0.0006013534461286911
0.006,394.1910213803675,0.005392490032563166,0.0006075099674368338
0.006010000000000001,394.4703482903046,0.005396311194121814,0.0006136888058781865
0.00602,394.74805801717287,0.005400110232793062,0.0006198897672069379
0.006030000000000001,395.0241646452639,0.0054038873412484804,0.0006261126587515202
0.00604,395.2986821433997,0.005407642710580023,0.0006323572894199776
0.006050000000000001,395.5716243646086,0.005411376530295603,0.0006386234697043974
0.00606,395.843005045871,0.005415088988315608,0.0006449110116843919
0.006070000000000001,396.11283780792814,0.005418780270970289,0.0006512197290297114
0.00608,396.38113615515397,0.005422450562998002,0.0006575494370019983
0.006090000000000001,396.647913475485,0.005426100047544254,0.000663899952455747
0.0061,396.91318304040817,0.005429728906161535,0.0006702710938384657
0.006110000000000001,397.17695800500144,0.005433337318809869,0.0006766626811901318
0.0061200000000000004,397.4392514080263,0.005436925463858089,0.0006830745361419118
0.006130000000000001,397.70007617207034,0.005440493518085778,0.0006895064819142233
0.0061400000000000005,397.9594451037344,0.0054440416566858335,0.000695958343314167
0.00615,398.21737089386704,0.005447570053267675,0.0007024299467323254
0.0061600000000000005,398.47386611783895,0.005451078879860998,0.0007089211201390024
0.00617,398.7289432358589,0.005454568306920094,0.0007154316930799058
0.006180000000000001,398.982614593328,0.0054580385033287,0.0007219614966713006
0.00619,399.2348924212296,0.005461489636405329,0.0007285103635946708
0.006200000000000001,399.48578883655387,0.005464921871909082,0.0007350781280909191
0.00621,399.7353158427552,0.005468335374045899,0.0007416646259541014
0.006220000000000001,399.98348533024,0.005471730305475239,0.0007482696945247617
0.00623,400.2303090768837,0.005475106827317151,0.0007548931726828493
0.006240000000000001,400.47579874857547,0.00547846509915972,0.0007615349008402812
0.00625,400.71996589978835,0.005481805279066872,0.0007681947209331281
0.006260000000000001,400.9628219741745,0.005485127523586519,0.0007748724764134818
0.00627,401.20437830518244,0.005488431987758994,0.0007815680122410067
0.006280000000000001,401.4446461166965,0.0054917188251258076,0.0007882811748741933
0.0062900000000000005,401.68363652369624,0.005494988187738662,0.000795011812261338
0.006300000000000001,401.9213605329344,0.005498240226168733,0.0008017597738312681
0.0063100000000000005,402.1578290436332,0.005501475089516187,0.0008085249104838139
0.00632,402.39305284819625,0.0055046929254199215,0.0008153070745800786
0.0063300000000000006,402.62704263293574,0.00550789388006752,0.0008221061199324801
0.00634,402.8598089788147,0.0055110780982053995,0.0008289219017946006
0.006350000000000001,403.0913623622015,0.005514245723149131,0.0008357542768508697
0.00636,403.3217131556362,0.005517396896793929,0.0008426031032060712
0.006370000000000001,403.55087162860923,0.005520531759625297,0.0008494682403747036
0.00638,403.7788479483487,0.005523650450729805,0.0008563495492701955
0.006390000000000001,404.0056521806181,0.005526753107805993,0.0008632468921940077
0.0064,404.23129429052165,0.005529839867175399,0.0008701601328246012
0.006410000000000001,404.45578414331806,0.005532910863793681,0.0008770891362063198
0.00642,404.6791315052402,0.005535966231261836,0.0008840337687381645
0.006430000000000001,404.90134604432126,0.0055390061018375,0.0008909938981625006
0.00644,405.12243733122625,0.005542030606446324,0.0008979693935536768
0.006450000000000001,405.3424148400883,0.0055450398746934105,0.0009049601253065904
0.0064600000000000005,405.56128794934796,0.005548034034874801,0.0009119659651251992
0.006470000000000001,405.77906594259787,0.005551013213989027,0.0009189867860109743
0.0064800000000000005,405.9957580094274,0.005553977537748665,0.0009260224622513356
0.00649,406.2113732462724,0.005556927130591961,0.0009330728694080387
0.006500000000000001,406.42592065726444,0.005559862115694452,0.0009401378843055487
0.00651,406.63940915508203,0.0055627826149806025,0.0009472173850193976
0.006520000000000001,406.8518475618025,0.0055656887491354655,0.0009543112508645351
0.00653,407.0632446097544,0.005568580637616339,0.0009614193623836611
0.006540000000000001,407.27360894236836,0.00557145839866441,0.0009685416013355905
0.00655,407.48294911502865,0.005574322149316397,0.0009756778506836029
0.006560000000000001,407.6912735959231,0.005577172005416185,0.0009828279945838158
0.00657,407.8985907668913,0.00558000808162642,0.0009899919183735803
0.006580000000000001,408.1049089242713,0.0055828304914401,0.0009971695085599008
0.00659,408.31023627974423,0.005585639347192124,0.0010043606528078765
0.006600000000000001,408.5145809611762,0.00558843476007081,0.001011565239929191
0.00661,408.71795101345674,0.0055912168401293675,0.001018783159870633
0.006620000000000001,408.92035439933625,0.00559398569629735,0.0010260143037026511
0.0066300000000000005,409.12179900025717,0.005596741436392027,0.0010332585636079732
0.006640000000000001,409.3222926171841,0.0055994841671297415,0.0010405158328702594
0.0066500000000000005,409.5218429714283,0.005602213994137187,0.001047786005862814
0.00666,409.7204577054697,0.00560493102196265,0.00105506897803735
0.006670000000000001,409.9181443837723,0.0056076353540871725,0.001062364645912828
0.00668,410.1149104935977,0.005610327092935673,0.001069672907064327
0.006690000000000001,410.3107634458121,0.00561300633988799,0.0010769936601120102
0.0067,410.50571057568914,0.005615673195289865,0.0010843268047101354
0.006710000000000001,410.6997591437074,0.005618327758463849,0.0010916722415361515
0.00672,410.89291633634343,0.005620970127720157,0.0010990298722798435
0.006730000000000001,411.0851892668579,0.005623600400367413,0.0011063995996325876
0.00674,411.27658497607854,0.005626218672723372,0.001113781327276628
0.006750000000000001,411.467110433175,0.005628825040125513,0.001121174959874488
0.00676,411.6567725364299,0.005631419596941586,0.0011285804030584145
0.006770000000000001,411.8455781140035,0.005634002436580075,0.0011359975634199259
0.0067800000000000004,412.03353392469205,0.0056365736515005755,0.001143426348499425
0.006790000000000001,412.2206466586805,0.005639133333224083,0.0011508666667759179
0.0068000000000000005,412.4069229382891,0.005641681572343216,0.0011583184276567843
0.006810000000000001,412.5923693187141,0.00564421845853234,0.001165781541467661
0.0068200000000000005,412.77699228876156,0.005646744080557614,0.0011732559194423866
0.00683,412.9607982715755,0.005649258526286943,0.0011807414737130574
0.006840000000000001,413.1437936253601,0.0056517618826998645,0.001188238117300136
0.00685,413.32598464409375,0.005654254235897316,0.0011957457641026846
0.006860000000000001,413.507377558239,0.0056567356711113405,0.0012032643288886601
0.00687,413.68797853544413,0.005659206272714694,0.0012107937272853066
0.006880000000000001,413.8677936812401,0.00566166612423037,0.0012183338757696307
0.00689,414.0468290397288,0.005664115308341023,0.0012258846916589775
0.006900000000000001,414.2250905942667,0.005666553906898313,0.0012334460931016878
0.00691,414.40258426814125,0.005668982000932165,0.001241017999067835
0.006920000000000001,414.57931592524005,0.005671399670659919,0.001248600329340082
0.00693,414.7552913707149,0.005673806995495415,0.0012561930045045851
0.006940000000000001,414.9305163516377,0.0056762040540579714,0.0012637959459420294
0.0069500000000000004,415.1049965576516,0.00567859092418128,0.0012714090758187205
0.006960000000000001,415.27873762161335,0.005680967682922207,0.001279032317077794
0.0069700000000000005,415.4517451202314,0.005683334406569513,0.0012866655934304872
0.006980000000000001,415.624024574696,0.005685691170652476,0.0012943088293475248
0.0069900000000000006,415.79558145130306,0.005688038049949426,0.0013019619500505746
0.007,415.9664211620718,0.005690375118496195,0.0013096248815038054
0.007010000000000001,416.136549065356,0.005692702449594474,0.001317297550405527
0.00702,416.3059704664479,0.00569502011582008,0.0013249798841799198
0.007030000000000001,416.47469061817685,0.005697328189031147,0.0013326718109688534
0.00704,416.64271472150085,0.005699626740376208,0.0013403732596237918
0.007050000000000001,416.8100479260918,0.005701915840302213,0.0013480841596977874
0.00706,416.9766953309147,0.005704195558562445,0.0013558044414375553
0.007070000000000001,417.14266198479993,0.00570646596422435,0.0013635340357756511
0.00708,417.3079528870097,0.005708727125677287,0.001371272874322713
0.007090000000000001,417.47257298779857,0.005710979110640199,0.0013790208893598018
0.0071,417.6365271889666,0.005713221986169174,0.0013867780138308262
0.007110000000000001,417.7998203444081,0.005715455818664953,0.0013945441813350478
0.0071200000000000005,417.96245726065195,0.0057176806738803276,0.001402319326119673
0.007130000000000001,418.1244426973983,0.005719896616927473,0.001410103383072528
0.0071400000000000005,418.2857813680473,0.005722103712285189,0.0014178962877148113
0.007150000000000001,418.4464779402231,0.005724302023806061,0.00142569797619394
0.0071600000000000006,418.60653703629043,0.005726491614723535,0.0014335083852764652
0.00717,418.7659632338674,0.005728672547658925,0.0014413274523410752
0.007180000000000001,418.92476106633035,0.0057308448846283225,0.001449155115371678
0.00719,419.0829350233141,0.005733008687049441,0.001456991312950559
0.007200000000000001,419.240489551206,0.005735164015748372,0.0014648359842516284
0.00721,419.39742905363426,0.005737310930966269,0.001472689069033731
0.007220000000000001,419.5537578919509,0.00573944949236595,0.0014805505076340509
0.00723,419.7094803857086,0.005741579759038422,0.0014884202409615787
0.007240000000000001,419.8646008131327,0.005743701789509339,0.0014962982104906614
0.00725,420.01912341158663,0.005745815641745371,0.0015041843582546295
0.007260000000000001,420.1730523780327,0.005747921373160502,0.0015120786268394987
0.00727,420.32639186948757,0.0057500190406222645,0.0015199809593777359
0.007280000000000001,420.47914600347156,0.005752108700457888,0.0015278912995421133
0.0072900000000000005,420.63131885845314,0.005754190408460372,0.0015358095915396289
0.007300000000000001,420.7829144742883,0.005756264219894505,0.001543735780105496
0.0073100000000000005,420.9339368526547,0.0057583301895028005,0.0015516698104972
0.007320000000000001,421.08438995747997,0.005760388371511354,0.0015596116284886472
0.007330000000000001,421.2342777153656,0.005762438819635644,0.0015675611803643566
0.00734,421.38360401600573,0.005764481587086262,0.0015755184129137385
0.007350000000000001,421.53237271260105,0.00576651672657457,0.0015834832734254308
0.00736,421.68058762226667,0.0057685442903182855,0.0015914557096817147
0.007370000000000001,421.8282525264368,0.0057705643300470155,0.0015994356699529852
0.00738,421.9753711712631,0.005772576897007703,0.0016074231029922972
0.007390000000000001,422.1219472680091,0.0057745820419700285,0.0016154179580299723
0.0074,422.2679844934395,0.005776579815231731,0.0016234201847682697
0.007410000000000001,422.41348649020506,0.0057785702666238725,0.0016314297333761283
0.00742,422.5584568672225,0.00578055344551604,0.0016394465544839606
0.007430000000000001,422.7028992000502,0.00578252940082148,0.0016474705991785209
0.00744,422.84681703125864,0.00578449818100217,0.0016555018189978307
0.007450000000000001,422.9902138707978,0.005786459834073841,0.0016635401659261598
0.0074600000000000005,423.1330931963581,0.0057884144076109185,0.001671585592389082
0.007470000000000001,423.27545845372913,0.005790361948751425,0.0016796380512485764
0.0074800000000000005,423.4173130571521,0.005792302504201807,0.0016876974957981935
0.007490000000000001,423.5586603896693,0.005794236120241714,0.0016957638797582874
0.007500000000000001,423.6995038034687,0.00579616284272871,0.0017038371572712903
0.00751,423.839846620225,0.005798082717102941,0.0017119172828970594
0.007520000000000001,423.9796921314355,0.005799995788391731,0.0017200042116082698
0.00753,424.1190435987529,0.00580190210121413,0.00172809789878587
0.007540000000000001,424.25790425431353,0.005803801699785411,0.0017361983002145897
0.00755,424.39627730106156,0.005805694627921499,0.0017443053720785015
0.007560000000000001,424.53416591306984,0.005807580929043363,0.001752419070956638
0.00757,424.6715732358557,0.0058094606461813365,0.0017605393538186638
0.007580000000000001,424.8085023866945,0.005811333821979405,0.001768666178020596
0.00759,424.9449564549276,0.00581320049869942,0.0017767995013005808
0.007600000000000001,425.0809385022684,0.005815060718225286,0.0017849392817747148
0.0076100000000000004,425.21645156310285,0.00581691452206707,0.00179308547793293
0.007620000000000001,425.3514986447876,0.0058187619513650835,0.0018012380486349174
0.0076300000000000005,425.486082727944,0.005820603046893899,0.0018093969531061014
0.007640000000000001,425.6202067667489,0.005822437849066332,0.0018175621509336692
0.0076500000000000005,425.7538736892211,0.005824266397937362,0.0018257336020626388
0.007660000000000001,425.8870863975053,0.0058260887332080066,0.0018339112667919944
0.007670000000000001,426.01984776815175,0.005827904894229162,0.0018420951057708385
0.007680000000000001,426.1521606523936,0.005829714920005384,0.001850285079994617
0.007690000000000001,426.28402787641915,0.00583151884919862,0.0018584811508013804
0.0077,426.4154522416427,0.005833316720131911,0.0018666832798680888
0.007710000000000001,426.54643652497066,0.005835108570793032,0.0018748914292069686
0.00772,426.67698347906526,0.005836894438838102,0.0018831055611618986
0.007730000000000001,426.8070958326048,0.00583867436159514,0.0018913256384048604
0.00774,426.93677629054037,0.005840448376067584,0.0018995516239324163
0.007750000000000001,427.0660275343506,0.005842216518937765,0.0019077834810622358
0.00776,427.1948522222915,0.005843978826570335,0.0019160211734296651
0.007770000000000001,427.32325298964486,0.005845735335015661,0.0019242646649843395
0.0077800000000000005,427.4512324489634,0.00584748608001318,0.0019325139199868205
0.007790000000000001,427.5787931903119,0.005849231096994691,0.0019407689030053101
0.0078000000000000005,427.7059377815067,0.005850970421087643,0.0019490295789123578
0.007810000000000001,427.8326687683515,0.005852704087118351,0.00195729591288165
0.00782,427.95898867487074,0.005854432129615195,0.0019655678703848056
0.00783,428.0849000035396,0.0058561545828117595,0.0019738454171882407
0.007840000000000001,428.2104052355122,0.005857871480649962,0.001982128519350039
0.007850000000000001,428.33550683084593,0.005859582856783118,0.001990417143216883
0.00786,428.4602072287237,0.005861288744578984,0.001998711255421017
0.00787,428.58450884767365,0.005862989177122758,0.002007010822877242
0.00788,428.7084140857859,0.005864684187220053,0.002015315812779947
0.007890000000000001,428.8319253209263,0.005866373807399812,0.002023626192600189
0.0079,428.9550449109488,0.00586805806991722,0.0020319419300827805
0.00791,429.07777519390413,0.005869737006756554,0.002040262993243446
0.00792,429.2001184882463,0.005871410649634012,0.002048589350365988
0.007930000000000001,429.32207709303714,0.005873079030000508,0.0020569209699994933
0.007940000000000001,429.4436532881474,0.005874742179044424,0.002065257820955577
0.00795,429.5648493344564,0.0058764001276943425,0.002073599872305658
0.00796,429.68566747404896,0.005878052906621737,0.0020819470933782632
0.007970000000000001,429.80610993040966,0.005879700546243634,0.002090299453756367
0.007980000000000001,429.92617890861493,0.005881343076725239,0.002098656923274762
0.00799,430.0458765955235,0.005882980527982537,0.002107019472017463
0.008,430.1652051599634,0.005884612929684862,0.002115387070315138
0.008010000000000001,430.28416675291794,0.005886240311257427,0.0021237596887425745
0.008020000000000001,430.4027635077082,0.005887862701883833,0.002132137298116168
0.00803,430.520997540175,0.00588948013050855,0.0021405198694914506
0.00804,430.63887094885683,0.005891092625839355,0.0021489073741606454
0.00805,430.7563858151674,0.005892700216349759,0.0021572997836502407
0.008060000000000001,430.8735442035695,0.005894302930281389,0.0021656970697186122
0.00807,430.99034816174844,0.005895900795646353,0.0021740992043536474
0.00808,431.10679972078196,0.005897493840229575,0.002182506159770425
0.00809,431.22290089530907,0.005899082091591095,0.002190917908408905
0.008100000000000001,431.3386536836965,0.005900665577068352,0.0021993344229316496
0.008110000000000001,431.45406006820326,0.00590224432377843,0.0022077556762215705
0.00812,431.56912201514365,0.005903818358620297,0.002216181641379704
0.00813,431.6838414750474,0.005905387708276983,0.002224612291723017
0.008140000000000001,431.79822038281895,0.005906952399217769,0.0022330476007822323
0.008150000000000001,431.9122606578942,0.005908512457700331,0.00224148754229967
0.00816,432.0259642043959,0.0059100679097728575,0.002249932090227143
0.00817,432.13933291128683,0.005911618781276154,0.0022583812187238466
0.008180000000000002,432.2523686525217,0.005913165097845714,0.0022668349021542876
0.008190000000000001,432.36507328719586,0.00591470688491376,0.002275293115086241
0.0082,432.4774486596947,0.005916244167711282,0.002283755832288719
0.00821,432.5894965998392,0.00591777697127003,0.00229222302872997
0.00822,432.7012189230305,0.005919305320424494,0.002300694679575506
0.008230000000000001,432.8126174303932,0.0059208292398138605,0.0023091707601861407
0.00824,432.9236939089161,0.005922348753883941,0.0023176512461160594
0.00825,433.0344501315925,0.0059238638868890905,0.00232613611311091
0.00826,433.1448878575576,0.005925374662894085,0.002334625337105915
0.008270000000000001,433.25500883222514,0.005926881105775994,0.0023431188942240073
0.008280000000000001,433.36481478742235,0.005928383239226024,0.0023516167607739768
0.00829,433.47430744152314,0.005929881086751343,0.0023601189132486577
0.0083,433.58348849957986,0.005931374671676879,0.0023686253283231214
0.008310000000000001,433.6923596534534,0.005932864017147105,0.002377135982852896
0.008320000000000001,433.80092258194236,0.005934349146127803,0.0023856508538721982
0.00833,433.9091789509097,0.005935830081407793,0.0023941699185922073
0.00834,434.0171304134087,0.005937306845600667,0.0024026931543993336
0.008350000000000002,434.12477860980823,0.005938779461146487,0.0024112205388535143
0.008360000000000001,434.23212516791386,0.005940247950313459,0.002419752049686542
0.00837,434.33917170309155,0.005941712335199611,0.0024282876648003895
0.00838,434.44591981838596,0.005943172637734418,0.002436827362265582
0.00839,434.55237110464043,0.0059446288796804435,0.0024453711203195564
0.008400000000000001,434.65852714061396,0.005946081082634938,0.0024539189173650635
0.00841,434.76438949309704,0.0059475292680314235,0.0024624707319685774
0.00842,434.8699597170272,0.005948973457141275,0.0024710265428587253
0.00843,434.9752393556016,0.005950413671075261,0.0024795863289247388
0.008440000000000001,435.08022994039027,0.005951849930785093,0.0024881500692149087
0.008450000000000001,435.1849329914461,0.005953282257064926,0.0024967177429350753
0.00846,435.2893500174147,0.005954710670552869,0.002505289329447132
0.00847,435.39348251564365,0.0059561351917324715,0.0025138648082675286
0.008480000000000001,435.49733197228863,0.0059575558409341815,0.00252244415906582
0.008490000000000001,435.6008998624201,0.0059589726383368,0.002531027361663201
0.0085,435.70418765012835,0.005960385603968924,0.002539614396031077
0.00851,435.80719678862636,0.005961794757710347,0.002548205242289653
0.008520000000000002,435.90992872035304,0.005963200119293475,0.002556799880706526
0.008530000000000001,436.0123848770743,0.00596460170830471,0.002565398291695291
0.00854,436.11456667998334,0.005965999544185818,0.0025740004558141823
0.00855,436.21647553979983,0.0059673936462352915,0.002582606353764709
0.00856,436.31811285686763,0.0059687840336096806,0.0025912159663903193
0.008570000000000001,436.4194800212523,0.005970170725324929,0.0025998292746750723
0.00858,436.52057841283636,0.005971553740257679,0.0026084462597423218
0.00859,436.6214094014143,0.005972933097146571,0.0026170669028534295
0.0086,436.7219743467866,0.005974308814593524,0.002625691185406476
0.008610000000000001,436.82227459885223,0.00597568091106501,0.0026343190889349917
0.008620000000000001,436.9223114977,0.005977049404893297,0.002642950595106704
0.00863,437.0220863736997,0.005978414314277698,0.0026515856857223024
0.00864,437.12160054759204,0.005979775657285801,0.002660224342714199
0.008650000000000001,437.22085533057657,0.005981133451854673,0.0026688665481453284
0.008660000000000001,437.31985202439967,0.005982487715792061,0.00267751228420794
0.00867,437.41859192144216,0.005983838466777595,0.0026861615332224057
0.00868,437.5170763048037,0.005985185722363936,0.0026948142776360645
0.008690000000000002,437.615306448389,0.005986529499977962,0.0027034705000220398
0.008700000000000001,437.7132836169907,0.005987869816921897,0.002712130183078104
0.00871,437.81100906637323,0.005989206690374463,0.002720793309625538
0.00872,437.90848404335463,0.005990540137391993,0.0027294598626080076
0.00873,438.0057097858878,0.005991870174909546,0.002738129825090454
0.008740000000000001,438.10268752314084,0.005993196819742009,0.0027468031802579925
0.00875,438.19941847557686,0.005994520088585183,0.0027554799114148177
0.00876,438.2959038550322,0.005995839998016856,0.0027641600019831444
0.00877,438.39214486479443,0.005997156564497872,0.002772843435502128
0.008780000000000001,438.48814269967954,0.005998469804373181,0.0027815301956268202
0.008790000000000001,438.58389854610766,0.005999779733872882,0.002790220266127119
0.0088,438.67941358217877,0.006001086369113252,0.0027989136308867483
0.00881,438.7746889777468,0.006002389726097767,0.002807610273902233
0.008820000000000001,438.8697258944941,0.006003689820718114,0.0028163101792818878
0.008830000000000001,438.96452548600314,0.006004986668755173,0.002825013331244828
0.00884,439.05908889783007,0.006006280285880028,0.0028337197141199725
0.00885,439.1534172675749,0.006007570687654924,0.0028424293123450765
0.008860000000000002,439.24751172495326,0.006008857889534244,0.0028511421104657573
0.008870000000000001,439.3413733918651,0.0060101419068654596,0.0028598580931345416
0.00888,439.43500338246463,0.006011422754890077,0.0028685772451099234
0.00889,439.5284028032286,0.006012700448744577,0.002877299551255423
0.0089,439.62157275302377,0.0060139750034613375,0.0028860249965386624
0.008910000000000001,439.71451432317394,0.006015246433969548,0.0028947535660304533
0.00892,439.80722859752655,0.0060165147550961225,0.0029034852449038783
0.00893,439.89971665251755,0.006017779981566588,0.002912220018433413
0.00894,439.99197955723696,0.006019042128005978,0.002920957871994022
0.008950000000000001,440.0840183734929,0.0060203012089397115,0.00292969879106029
0.008960000000000001,440.17583415587467,0.006021557238794455,0.002938442761205546
0.00897,440.2674279518162,0.00602281023189899,0.00294718976810101
0.00898,440.35880080165805,0.006024060202485062,0.002955939797514938
0.008990000000000001,440.4499537387087,0.006025307164688218,0.002964692835311784
0.009000000000000001,440.5408877893059,0.006026551132548644,0.0029734488674513573
0.00901,440.63160397287675,0.006027792120011994,0.0029822078799880067
0.00902,440.722103301997,0.0060290301409301915,0.002990969859069809
0.009030000000000002,440.8123867824511,0.006030265209062259,0.002999734790937743
0.009040000000000001,440.9024554132893,0.006031497338075093,0.003008502661924908
0.00905,440.9923101868866,0.006032726541544276,0.0030172734584557248
0.00906,441.0819520889993,0.006033952832954847,0.0030260471670451533
0.00907,441.17138209882194,0.006035176225702078,0.0030348237742979216
0.009080000000000001,441.2606011890432,0.006036396733092246,0.003043603266907755
0.00909,441.3496103259017,0.006037614368343389,0.003052385631656612
0.0091,441.43841046924047,0.006038829144586053,0.0030611708554139474
0.00911,441.5270025725616,0.006040041074864044,0.003069958925135956
0.009120000000000001,441.61538758307984,0.006041250172135155,0.0030787498278648465
0.009130000000000001,441.70356644177605,0.0060424564492719025,0.0030875435507280984
0.00914,441.79154008344995,0.006043659919062243,0.0030963400809377577
0.00915,441.8793094367718,0.006044860594210284,0.003105139405789716
0.009160000000000001,441.9668754243347,0.006046058487337001,0.003113941512663001
0.009170000000000001,442.0542389627053,0.006047253610980921,0.00312274638901908
0.00918,442.1414009624747,0.006048445977598833,0.0031315540224011677
0.00919,442.22836232830775,0.006049635599566453,0.003140364400433547
0.009200000000000002,442.3151239589939,0.006050822489179123,0.003149177510820878
0.009210000000000001,442.4016867474952,0.006052006658652465,0.0031579933413475357
0.00922,442.4880515809956,0.006053188120123059,0.0031668118798769416
0.00923,442.5742193409483,0.006054366885649087,0.003175633114350913
0.00924,442.6601909031241,0.006055542967211,0.0031844570327889997
0.009250000000000001,442.74596713765834,0.006056716376712152,0.003193283623287849
0.009260000000000001,442.83154890909736,0.006057887125979444,0.0032021128740205565
0.00927,442.9169370764448,0.006059055226763951,0.0032109447732360493
0.00928,443.00213249320757,0.006060220690741553,0.003219779309258447
0.009290000000000001,443.08713600744045,0.006061383529513549,0.003228616470486452
0.009300000000000001,443.171948461792,0.006062543754607278,0.003237456245392723
0.00931,443.25657069354816,0.006063701377476719,0.003246298622523282
0.00932,443.34100353467625,0.006064856409503095,0.003255143590496905
0.009330000000000001,443.42524781186887,0.00606600886199547,0.0032639911380045314
0.009340000000000001,443.5093043465869,0.006067158746191339,0.003272841253808662
0.00935,443.59317395510175,0.006068306073257206,0.003281693926742795
0.00936,443.67685744853793,0.006069450854289164,0.003290549145710836
0.009370000000000002,443.7603556329152,0.006070593100313477,0.0032994068996865245
0.009380000000000001,443.84366930918907,0.006071732822287128,0.003308267177712873
0.00939,443.9267992732931,0.006072870031098401,0.0033171299689016
0.0094,444.0097463161783,0.006074004737567419,0.0033259952624325817
0.00941,444.09251122385376,0.0060751369524467,0.0033348630475533002
0.009420000000000001,444.17509477742715,0.006076266686421712,0.003343733313578289
0.009430000000000001,444.25749775314284,0.006077393950111394,0.0033526060498886073
0.00944,444.3397209224223,0.006078518754068705,0.0033614812459312957
0.00945,444.42176505190173,0.006079641108781146,0.0033703588912188543
0.009460000000000001,444.50363090347105,0.006080761024671286,0.003379238975328715
0.009470000000000001,444.58531923431144,0.006081878512097284,0.0033881214879027174
0.00948,444.666830796933,0.006082993581353393,0.003397006418646608
0.00949,444.74816633921205,0.00608410624267048,0.0034058937573295204
0.009500000000000001,444.82932660442793,0.0060852165062165245,0.003414783493783477
0.009510000000000001,444.91031233129934,0.006086324382097118,0.0034236756179028827
0.00952,444.9911242540205,0.0060874298803559575,0.003432570119644043
0.00953,445.0717631022974,0.006088533010975341,0.0034414669890246597
0.009540000000000002,445.1522296013825,0.006089633783876641,0.0034503662161233604
0.009550000000000001,445.2325244721103,0.006090732208920798,0.0034592677910792033
0.00956,445.3126484309322,0.006091828295908785,0.003468171704091216
0.00957,445.3926021899506,0.006092922054582088,0.0034770779454179127
0.00958,445.47238645695325,0.006094013494623163,0.0034859865053768367
0.009590000000000001,445.5520019354469,0.006095102625655909,0.0034948973743440925
0.009600000000000001,445.63144932469106,0.006096189457246116,0.003503810542753885
0.00961,445.7107293197305,0.0060972739989019215,0.003512726001098079
0.00962,445.789842611429,0.006098356260074268,0.0035216437399257323
0.009630000000000001,445.8687898865013,0.006099436250157336,0.003530563749842665
0.009640000000000001,445.94757182754506,0.006100513978488989,0.0035394860215110123
0.00965,446.02618911307366,0.006101589454351213,0.0035484105456487875
0.00966,446.104642417547,0.006102662686970547,0.003557337313029453
0.009670000000000002,446.18293241140304,0.006103733685518509,0.0035662663144814923
0.009680000000000001,446.2610597610894,0.006104802459112031,0.0035751975408879703
0.00969,446.339025129093,0.0061058690168138575,0.0035841309831861432
0.0097,446.4168291739717,0.006106933367632992,0.0035930666323670084
0.009710000000000002,446.4944725503833,0.006107995520525079,0.0036020044794749222
0.009720000000000001,446.5719559091166,0.00610905548439284,0.0036109445156071616
0.00973,446.6492798971201,0.006110113268086458,0.003619886731913543
0.00974,446.72644515753177,0.006111168880403991,0.003628831119596009
0.00975,446.80345232970797,0.006112222330091764,0.0036377776699082357
0.009760000000000001,446.88030204925235,0.0061132736258447656,0.0036467263741552357
0.009770000000000001,446.9569949480442,0.0061143227763070344,0.0036556772236929665
0.00978,447.0335316542669,0.00611536979007205,0.0036646302099279503
0.00979,447.1099127924357,0.006116414675683115,0.003673585324316885
0.009800000000000001,447.1861389834261,0.006117457441633735,0.003682542558366266
0.009810000000000001,447.26221084450015,0.006118498096367991,0.00369150190363201
0.00982,447.3381289893349,0.006119536648280915,0.0037004633517190855
0.00983,447.41389402804873,0.0061205731057188606,0.0037094268942811396
0.009840000000000002,447.4895065672282,0.006121607476979866,0.003718392523020136
0.009850000000000001,447.5649672099546,0.006122639770314017,0.0037273602296859845
0.00986,447.6402765558304,0.006123669993923808,0.003736330006076193
0.00987,447.71543520100465,0.006124698155964496,0.003745301844035504
0.009880000000000002,447.79044373819977,0.006125724264544457,0.003754275735455545
0.009890000000000001,447.865302756736,0.006126748327725527,0.0037632516722744744
0.0099,447.9400128425574,0.006127770353523357,0.003772229646476644
0.00991,448.01457457825677,0.006128790349907753,0.003781209650092247
0.00992,448.0889885431005,0.0061298083248030166,0.0037901916751969834
0.009930000000000001,448.16325531305324,0.00613082428608828,0.0037991757139117215
0.009940000000000001,448.23737546080224,0.006131838241597842,0.003808161758402159
0.00995,448.3113495557817,0.006132850199121501,0.0038171498008784995
0.00996,448.3851781641964,0.006133860166404876,0.0038261398335951245
0.009970000000000001,448.458861849046,0.00613486815114974,0.0038351318488502612
0.009980000000000001,448.5324011701481,0.006135874161014338,0.0038441258389856634
0.00999,448.60579668416165,0.006136878203613702,0.003853121796386298
0.01,448.6790489446105,0.00613788028651998,0.0038621197134800205
