Strain,Stress (MPa)
0.0,0.0
2e-05,1.4
4e-05,2.8
5.9999999999999995e-05,4.199999999999999
8e-05,5.6
0.0001,7.0
0.00011999999999999999,8.399999999999999
0.00014000000000000001,9.8
0.00016,11.2
0.00017999999999999998,12.599999999999998
0.0002,14.0
0.00022,15.399999999999999
0.00023999999999999998,16.799999999999997
0.00026000000000000003,18.200000000000003
0.00028000000000000003,19.6
0.0003,20.999999999999993
0.00032,22.4
0.00034,23.799999999999997
0.00035999999999999997,25.199999999999996
0.00038,26.6
0.0004,28.0
0.00041999999999999996,29.4
0.00044,30.799999999999997
0.00046,32.19999999999999
0.00047999999999999996,33.599999999999994
0.0005,34.999999999999986
0.0005200000000000001,36.39999999999998
0.00054,37.799999999999955
0.0005600000000000001,39.199999999999946
0.00058,40.599999999999895
0.0006,41.999999999999844
0.00062,43.399999999999764
0.00064,44.79999999999964
0.00066,46.19999999999945
0.00068,47.599999999999184
0.0007000000000000001,48.99999999999879
0.0007199999999999999,50.399999999998215
0.00074,51.79999999999741
0.00076,53.19999999999631
0.00078,54.599999999994736
0.0008,55.99999999999261
0.0008200000000000001,57.399999999989674
0.0008399999999999999,58.7999999999857
0.00086,60.19999999998035
0.00088,61.59999999997321
0.0009,62.99999999996369
0.00092,64.39999999995115
0.0009400000000000001,65.79999999993467
0.0009599999999999999,67.19999999991313
0.00098,68.59999999988523
0.001,69.99999999984922
0.00102,71.39999999980296
0.0010400000000000001,72.79999999974385
0.00106,74.19999999966865
0.00108,75.59999999957341
0.0011,76.99999999945337
0.0011200000000000001,78.39999999930268
0.0011400000000000002,79.79999999911428
0.00116,81.19999999887958
0.0011799999999999998,82.59999999858843
0.0012,83.9999999982285
0.00122,85.39999999778513
0.00124,86.79999999724083
0.00126,88.19999999657486
0.00128,89.59999999576254
0.0013,90.99999999477487
0.00132,92.39999999357758
0.00134,93.79999999213038
0.00136,95.19999999038609
0.0013800000000000002,96.59999998828943
0.0014000000000000002,97.99999998577596
0.0014199999999999998,99.39999998277054
0.0014399999999999999,100.79999997918605
0.00146,102.1999999749213
0.00148,103.59999996985923
0.0015,104.99999996386467
0.00152,106.39999995678187
0.0015400000000000001,107.79999994843155
0.00156,109.19999993860793
0.00158,110.59999992707515
0.0016,111.99999991356324
0.0016200000000000001,113.3999998977639
0.0016400000000000002,114.7999998793255
0.0016600000000000002,116.1999998578477
0.0016799999999999999,117.59999983287543
0.0017,118.9999998038922
0.00172,120.39999977031263
0.00174,121.79999973147434
0.00176,123.19999968662884
0.0017800000000000001,124.59999963493152
0.0018,125.99999957543059
0.00182,127.39999950705499
0.00184,128.79999942860098
0.00186,130.19999933871748
0.0018800000000000002,131.59999923588975
0.0019000000000000002,132.9999991184219
0.0019199999999999998,134.3999989844175
0.0019399999999999999,135.79999883175805
0.00196,137.19999865808012
0.00198,138.5999984607496
0.002,139.99999823683436
0.00202,141.3999979830736
0.00204,142.79999769584532
0.00206,144.1999973711301
0.0020800000000000003,145.5999970044724
0.0021000000000000003,146.99999659093777
0.00212,148.39999612506705
0.00214,149.7999956008265
0.00216,151.19999501155297
0.00218,152.59999434989584
0.0022,153.9999936077529
0.00222,155.39999277620188
0.0022400000000000002,156.79999184542567
0.0022600000000000003,158.19999080463214
0.0022800000000000003,159.59998964196717
0.0023000000000000004,160.99998834442113
0.00232,162.39998689772767
0.00234,163.79998528625504
0.0023599999999999997,165.1999834928887
0.0023799999999999997,166.59998149890555
0.0024,167.99997928383777
0.00242,169.39997682532749
0.00244,170.79997409896987
0.00246,172.19997107814527
0.00248,173.59996773383858
0.0025,174.99996403444624
0.00252,176.39995994556847
0.00254,177.79995542978776
0.00256,179.1999504464311
0.0025800000000000003,180.59994495131576
0.0026,181.99993889647732
0.00262,183.39993222987954
0.00264,184.79992489510363
0.00266,186.19991683101716
0.00268,187.59990797142046
0.0027,188.9998982446694
0.00272,190.3998875732737
0.0027400000000000002,191.79987587346812
0.0027600000000000003,193.19986305475675
0.0027800000000000004,194.59984901942676
0.0028000000000000004,195.99983366203207
0.00282,197.3998168688434
0.0028399999999999996,198.7997985172642
0.0028599999999999997,200.19977847520926
0.0028799999999999997,201.59975660044563
0.0029,202.9997327398919
0.00292,204.3997067288754
0.00294,205.79967839034344
0.00296,207.19964753402763
0.00298,208.5996139555574
0.003,209.99957743552125
0.00302,211.39953773847242
0.00304,212.799494611876
0.0030600000000000002,214.19944778499467
0.0030800000000000003,215.59939696771016
0.0031,216.9993418492769
0.00312,218.39928209700423
0.00314,219.79921735486442
0.00316,221.1991472420217
0.00318,222.59907135127946
0.0032,223.9989892474411
0.00322,225.3989004655803
0.0032400000000000003,226.7988045092166
0.0032600000000000003,228.19870084839164
0.0032800000000000004,229.5985889176414
0.0033000000000000004,230.99846811385953
0.0033200000000000005,232.3983377940466
0.0033399999999999997,233.79819727293994
0.0033599999999999997,235.19804582051927
0.0033799999999999998,236.59788265938084
0.0034,237.99770696197623
0.00342,239.3975178477079
0.00344,240.79731437987596
0.00346,242.19709556246977
0.00348,243.59686033679662
0.0035,244.9966075779414
0.00352,246.39633609104948
0.00354,247.79604460742468
0.0035600000000000002,249.1957317804359
0.0035800000000000003,250.5953961812225
0.0036,251.99503629419144
0.00362,253.39465051229683
0.00364,254.79423713209331
0.00366,256.1937943485534
0.00368,257.59332024963965
0.0037,258.9928128106228
0.00372,260.3922698881332
0.0037400000000000003,261.7916892139382
0.0037600000000000003,263.1910683884323
0.0037800000000000004,264.5904048738307
0.0038000000000000004,265.9896959870532
0.0038200000000000005,267.3889388922894
0.0038399999999999997,268.78813059323033
0.0038599999999999997,270.1872679249565
0.0038799999999999998,271.58634754546824
0.0039,272.9853659268475
0.00392,274.3843193460358
0.00394,275.7832038752159
0.00396,277.18201537178436
0.00398,278.58074946789964
0.004,279.9794015595927
0.00402,281.3779667954252
0.00404,282.77644006468074
0.00406,284.174815985074
0.00408,285.57308888996465
0.0040999999999999995,286.9712528150578
0.00412,288.3693014845793
0.00414,289.767228296907
0.0041600000000000005,291.16502630964646
0.00418,292.56268822413256
0.004200000000000001,293.96020636934327
0.00422,295.35757268521
0.00424,296.7547787053103
0.00426,298.1518155389258
0.00428,299.5486738524543
0.0043,300.9453438501573
0.00432,302.3418152542341
0.00434,303.73807728420456
0.00436,305.1341186355903
0.00438,306.5299274578823
0.0044,307.92549133178215
0.00442,309.32079724570735
0.00444,310.7158315715518
0.0044599999999999996,312.11058003969197
0.0044800000000000005,313.5050277132335
0.0045,314.89915896148966
0.004520000000000001,316.2929574326929
0.00454,317.68640602593075
0.004560000000000001,319.0794868623126
0.00458,320.472181255363
0.004600000000000001,321.8644696806522
0.00462,323.2563317446635
0.00464,324.64774615291503
0.00466,326.0386906773409
0.00468,327.42914212295375
0.0047,328.8190762938041
0.004719999999999999,330.2084679582616
0.00474,331.59729081364617
0.0047599999999999995,332.985517450237
0.00478,334.37311931470083
0.0048,335.7600666729761
0.0048200000000000005,337.1463285726628
0.00484,338.5318728049674
0.004860000000000001,339.91666586626366
0.00488,341.30067291932926
0.004900000000000001,342.683857754335
0.00492,344.06618274965683
0.004940000000000001,345.44760883260244
0.00496,346.828095440138
0.00498,348.20760047972146
0.005,349.58608029034315
0.00502,350.96348960389685
0.00504,352.339781507
0.00506,353.7149074034005
0.00508,355.0888169771097
0.0051,356.46145815641364
0.00512,357.83277707892273
0.00514,359.2027180578283
0.0051600000000000005,360.5712235495455
0.00518,361.9382341229265
0.0052,363.30368843024485
0.00522,364.6675231801494
0.00524,366.02967311280395
0.00526,367.39007097743126
0.00528,368.74864751248833
0.0053,370.1053314287052
0.00532,371.460049395229
0.00534,372.8127260291143
0.00536,374.16328388840793
0.00538,375.5116434690797
0.0054,376.8577232060478
0.00542,378.20143947855286
0.00544,379.54270662012664
0.00546,380.881436933405
0.0054800000000000005,382.2175407100241
0.0055,383.550926255832
0.005520000000000001,384.8814999216452
0.00554,386.20916613975567
0.005560000000000001,387.5338274663958
0.00558,388.8553846303389
0.005600000000000001,390.1737365878032
0.00562,391.4887805838031
0.00564,392.80041222006867
0.00566,394.1085255296297
0.005679999999999999,395.41301305812976
0.0057,396.71376595191043
0.005719999999999999,398.0106740528661
0.00574,399.30362600004344
0.0057599999999999995,400.59250933791486
0.00578,401.8772106312226
0.0058,403.15761558624774
0.0058200000000000005,404.433609178319
0.00584,405.70507578533034
0.005860000000000001,406.9718993270021
0.00588,408.2339634095664
0.005900000000000001,409.49115147552675
0.00592,410.7433469580908
0.00594,411.9904334398418
0.00596,413.2322948151683
0.00598,414.4688154559424
0.006,415.6998803798931
0.00602,416.9253754210995
0.00604,418.1451874019908
0.00606,419.3592043062222
0.00608,420.5673154517708
0.0061,421.76941166358347
0.0061200000000000004,422.96538544509133
0.0061400000000000005,424.1551311479054
0.0061600000000000005,425.33854513900246
0.00618,426.5155259647132
0.0062,427.6859745108403
0.00622,428.8497941582373
0.00624,430.00689093321205
0.00626,431.1571736521323
0.00628,432.30055405964674
0.0063,433.4369469599667
0.00632,434.5662703406945
0.00634,435.6884454887229
0.00636,436.8033970977814
0.00638,437.9110533672489
0.0064,439.0113460919076
0.00642,440.10421074236365
0.00644,441.18958653591767
0.00646,442.26741649772
0.0064800000000000005,443.3376475121065
0.0065,444.40023036406023
0.006520000000000001,445.4551197708058
0.00654,446.5022744035913
0.006560000000000001,447.54165689976764
0.00658,448.57323386532187
0.006600000000000001,449.59697586807306
0.00662,450.61285742177483
0.006640000000000001,451.62085696141924
0.00666,452.62095681006383
0.006679999999999999,453.6131431375468
0.0067,454.5974059114743
0.006719999999999999,455.5737388408995
0.00674,456.542139313127
0.0067599999999999995,457.50260832409765
0.0067800000000000004,458.4551504028209
0.0068,459.3997735303311
0.0068200000000000005,460.3364890536535
0.00684,461.2653115952605
0.006860000000000001,462.18625895850937
0.00688,463.0993520295358
0.006900000000000001,464.0046146760808
0.00692,464.90207364371315
0.00694,465.7917584499004
0.00696,466.673701276364
0.00698,467.5479368601435
0.007,468.4145023837706
0.00702,469.27343736494004
0.00704,470.1247835460414
0.00706,470.96858478389674
0.00708,471.80488694002497
0.0071,472.6337377717348
0.0071200000000000005,473.4551868243245
0.0071400000000000005,474.269285324644
0.0071600000000000006,475.0760860762531
0.00718,475.8756433563906
0.0072,476.66801281494156
0.00722,477.45325137557734
0.00724,478.2314171392152
0.00726,479.00256928992997
0.00728,479.7667680034317
0.0073,480.5240743582
0.00732,481.2745502493576
0.00734,482.0182583053422
0.00736,482.7552618074254
0.00738,483.48562461211213
0.0074,484.2094110764398
0.0074199999999999995,484.9266859861881
0.00744,485.6375144869953
0.00746,486.3419620183687
0.0074800000000000005,487.0400942505688
0.0075,487.73197702433663
0.007520000000000001,488.41767629342655
0.00754,489.09725806990116
0.007560000000000001,489.7707883721396
0.00758,490.4383331755005
0.007600000000000001,491.09995836558653
0.00762,491.7557296940406
0.007640000000000001,492.40571273681235
0.00766,493.04997285482364
0.007679999999999999,493.6885751569622
0.0077,494.3215844653313
0.007719999999999999,494.9490652826804
0.00774,495.5710817619438
0.0077599999999999995,496.1876976778092
0.0077800000000000005,496.79897640024524
0.0078,497.4049808699077
0.00782,498.00577357535474
0.00784,498.60141653199344
0.00786,499.1919712626874
0.00788,499.77749877995234
0.0079,500.3580595696691
0.00792,500.93371357624494
0.007940000000000001,501.50452018915746
0.00796,502.07053823081117
0.007980000000000001,502.6318259456475
0.008,503.18844099044145
0.00802,503.74044042572746
0.00804,504.287880708294
0.008060000000000001,504.8308176846913
0.00808,505.36930658569656
0.0081,505.9034020216844
0.00812,506.4331579788512
0.008140000000000001,506.95862781624453
0.00816,507.4798642635503
0.00818,507.99691941959384
0.008199999999999999,508.5098447515081
0.00822,509.0186910945325
0.00824,509.5235086523975
0.00826,510.0243469982605
0.00828,510.52125507615574
0.0083,511.01428120292314
0.008320000000000001,511.5034730705827
0.00834,511.98887774912487
0.00836,512.470541689685
0.00838,512.948510728075
0.008400000000000001,513.4228300886423
0.00842,513.8935443884357
0.00844,514.3606976416481
0.00846,514.8243332643158
0.00848,515.284494079254
0.0085,515.7412223212036
0.00852,516.1945596421735
0.00854,516.6445471169598
0.00856,517.0912252488199
0.00858,517.5346339752923
0.0086,517.9748126741392
0.008620000000000001,518.4118001694042
0.00864,518.8456347375652
0.00866,519.2763541137731
0.00868,519.7039954981644
0.008700000000000001,520.1285955622343
0.00872,520.5501904552602
0.00874,520.9688158107674
0.00876,521.3845067530253
0.00878,521.7972979035658
0.0088,522.2072233877175
0.00882,522.6143168411459
0.00884,523.0186114163937
0.00886,523.4201397894128
0.00888,523.8189341660868
0.0089,524.2150262887308
0.008919999999999999,524.6084474425688
0.00894,524.9992284621844
0.008960000000000001,525.3873997379337
0.00898,525.7729912223247
0.009,526.156032436352
0.00902,526.5365524757906
0.009040000000000001,526.9145800174365
0.00906,527.2901433253012
0.00908,527.663270256749
0.0091,528.0339882685801
0.009120000000000001,528.4023244230536
0.00914,528.7683053938526
0.00916,529.1319574719851
0.009179999999999999,529.4933065716216
0.009200000000000002,529.8523782358695
0.00922,530.2091976424781
0.00924,530.563789609479
0.00926,530.9161786007569
0.00928,531.2663887315516
0.009300000000000001,531.6144437738913
0.00932,531.9603671619527
0.00934,532.3041819973555
0.00936,532.6459110543808
0.009380000000000001,532.985576785122
0.0094,533.3232013245627
0.00942,533.658806495584
0.009439999999999999,533.9924138139008
0.009460000000000001,534.3240444929265
0.00948,534.6537194485668
0.0095,534.9814593039434
0.009519999999999999,535.3072843940477
0.009540000000000002,535.6312147703227
0.00956,535.9532702051779
0.00958,536.2734701964332
0.0096,536.5918339716959
0.009620000000000002,536.9083804926674
0.009640000000000001,537.2231284593852
0.00966,537.5360963143953
0.00968,537.8473022468613
0.0097,538.1567641966051
0.009720000000000001,538.4644998580852
0.00974,538.7705266843086
0.00976,539.0748618906812
0.009779999999999999,539.3775224587946
0.009800000000000001,539.6785251401507
0.00982,539.9778864598254
0.00984,540.2756227200725
0.009859999999999999,540.5717500038666
0.009880000000000002,540.8662841783885
0.0099,541.1592408984511
0.00992,541.4506356098705
0.00994,541.7404835527773
0.00996,542.0287997648752
0.009980000000000001,542.3155990846424
0.01,542.600896154481
