Case,Diameter microns,Diameter mm,Size 1,Size 2,Size 3,Size 4,E MPa,nu,plastic_stresses MPa,mesh_max_edge_length mm,size_rng_seed
bp_same_size_case_01,5,0.005,0.005,0.005,0.005,0.005,71000,0.33,"350,470,710,710",0.00175,1000
bp_same_size_case_02,15,0.015,0.015,0.015,0.015,0.015,71000,0.33,"350,470,710,710",0.00175,1000
bp_same_size_case_03,25,0.025,0.025,0.025,0.025,0.025,71000,0.33,"350,470,710,710",0.00175,1000
bp_same_size_case_04,35,0.035,0.035,0.035,0.035,0.035,71000,0.33,"350,470,710,710",0.00175,1000
bp_same_size_case_05,45,0.045,0.045,0.045,0.045,0.045,71000,0.33,"350,470,710,710",0.00175,1000
bp_same_size_case_06,55,0.055,0.055,0.055,0.055,0.055,71000,0.33,"350,470,710,710",0.00175,1000
bp_same_size_case_07,65,0.065,0.065,0.065,0.065,0.065,71000,0.33,"350,470,710,710",0.00175,1000
bp_same_size_case_08,75,0.075,0.075,0.075,0.075,0.075,71000,0.33,"350,470,710,710",0.00175,1000
bp_same_size_case_09,85,0.085,0.085,0.085,0.085,0.085,71000,0.33,"350,470,710,710",0.00175,1000
bp_same_size_case_10,95,0.095,0.095,0.095,0.095,0.095,71000,0.33,"350,470,710,710",0.00175,1000
bp_same_size_case_11,105,0.105,0.105,0.105,0.105,0.105,71000,0.33,"350,470,710,710",0.00175,1000
bp_same_size_case_12,115,0.115,0.115,0.115,0.115,0.115,71000,0.33,"350,470,710,710",0.00175,1000
bp_same_size_case_13,125,0.125,0.125,0.125,0.125,0.125,71000,0.33,"350,470,710,710",0.00175,1000
bp_same_size_case_14,135,0.135,0.135,0.135,0.135,0.135,71000,0.33,"350,470,710,710",0.00175,1000
bp_same_size_case_15,145,0.145,0.145,0.145,0.145,0.145,71000,0.33,"350,470,710,710",0.00175,1000
bp_same_size_case_16,155,0.155,0.155,0.155,0.155,0.155,71000,0.33,"350,470,710,710",0.00175,1000
bp_same_size_case_17,165,0.165,0.165,0.165,0.165,0.165,71000,0.33,"350,470,710,710",0.00175,1000
bp_same_size_case_18,175,0.175,0.175,0.175,0.175,0.175,71000,0.33,"350,470,710,710",0.00175,1000
bp_same_size_case_19,185,0.185,0.185,0.185,0.185,0.185,71000,0.33,"350,470,710,710",0.00175,1000
bp_same_size_case_20,200,0.200,0.200,0.200,0.200,0.200,71000,0.33,"350,470,710,710",0.00175,1000
